TipoRegistro,Departamento,CRV,Series,Lema,Descripcion1,CantidadVotos
HOJA_EN,FS,1,PAA,Partido Frente Amplio,49,1
HOJA_EN,FS,1,PAA,Partido Frente Amplio,567,1
HOJA_EN,FS,1,PAA,Partido Frente Amplio,711,7
HOJA_EN,FS,1,PAA,Partido Frente Amplio,890,1
HOJA_EN,FS,1,PAA,Partido Frente Amplio,971,6
HOJA_EN,FS,1,PAA,Partido Frente Amplio,982,6
HOJA_EN,FS,1,PAA,Partido Frente Amplio,1810,7
HOJA_EN,FS,1,PAA,Partido Frente Amplio,90609,9
HOJA_EN,FS,1,PAA,Partido Frente Amplio,13037373,2
HOJA_EN,FS,1,PAA,Partido Frente Amplio,212137764,5
HOJA_EN,FS,2,PAA,Partido Frente Amplio,49,1
HOJA_EN,FS,2,PAA,Partido Frente Amplio,711,5
HOJA_EN,FS,2,PAA,Partido Frente Amplio,800,1
HOJA_EN,FS,2,PAA,Partido Frente Amplio,971,2
HOJA_EN,FS,2,PAA,Partido Frente Amplio,982,3
HOJA_EN,FS,2,PAA,Partido Frente Amplio,1810,16
HOJA_EN,FS,2,PAA,Partido Frente Amplio,90609,16
HOJA_EN,FS,2,PAA,Partido Frente Amplio,33115005,1
HOJA_EN,FS,2,PAA,Partido Frente Amplio,212137764,14
HOJA_EN,FS,3,PAA,Partido Frente Amplio,49,1
HOJA_EN,FS,3,PAA,Partido Frente Amplio,205,1
HOJA_EN,FS,3,PAA,Partido Frente Amplio,711,3
HOJA_EN,FS,3,PAA,Partido Frente Amplio,971,10
HOJA_EN,FS,3,PAA,Partido Frente Amplio,982,4
HOJA_EN,FS,3,PAA,Partido Frente Amplio,1810,12
HOJA_EN,FS,3,PAA,Partido Frente Amplio,1968,1
HOJA_EN,FS,3,PAA,Partido Frente Amplio,90609,16
HOJA_EN,FS,3,PAA,Partido Frente Amplio,99000,2
HOJA_EN,FS,3,PAA,Partido Frente Amplio,13037373,5
HOJA_EN,FS,3,PAA,Partido Frente Amplio,33115005,2
HOJA_EN,FS,3,PAA,Partido Frente Amplio,212137764,14
HOJA_EN,FS,4,PAA,Partido Frente Amplio,49,1
HOJA_EN,FS,4,PAA,Partido Frente Amplio,711,5
HOJA_EN,FS,4,PAA,Partido Frente Amplio,800,2
HOJA_EN,FS,4,PAA,Partido Frente Amplio,971,13
HOJA_EN,FS,4,PAA,Partido Frente Amplio,982,3
HOJA_EN,FS,4,PAA,Partido Frente Amplio,1810,23
HOJA_EN,FS,4,PAA,Partido Frente Amplio,1968,2
HOJA_EN,FS,4,PAA,Partido Frente Amplio,8008,1
HOJA_EN,FS,4,PAA,Partido Frente Amplio,90609,12
HOJA_EN,FS,4,PAA,Partido Frente Amplio,13037373,2
HOJA_EN,FS,4,PAA,Partido Frente Amplio,33115005,1
HOJA_EN,FS,4,PAA,Partido Frente Amplio,212137764,7
HOJA_EN,FS,5,PAA,Partido Frente Amplio,49,1
HOJA_EN,FS,5,PAA,Partido Frente Amplio,205,1
HOJA_EN,FS,5,PAA,Partido Frente Amplio,567,1
HOJA_EN,FS,5,PAA,Partido Frente Amplio,711,2
HOJA_EN,FS,5,PAA,Partido Frente Amplio,800,1
HOJA_EN,FS,5,PAA,Partido Frente Amplio,890,1
HOJA_EN,FS,5,PAA,Partido Frente Amplio,971,7
HOJA_EN,FS,5,PAA,Partido Frente Amplio,982,2
HOJA_EN,FS,5,PAA,Partido Frente Amplio,1810,24
HOJA_EN,FS,5,PAA,Partido Frente Amplio,1968,1
HOJA_EN,FS,5,PAA,Partido Frente Amplio,90609,25
HOJA_EN,FS,5,PAA,Partido Frente Amplio,99000,1
HOJA_EN,FS,5,PAA,Partido Frente Amplio,13037373,4
HOJA_EN,FS,5,PAA,Partido Frente Amplio,33115005,2
HOJA_EN,FS,5,PAA,Partido Frente Amplio,212137764,5
HOJA_EN,FS,6,PAA,Partido Frente Amplio,205,2
HOJA_EN,FS,6,PAA,Partido Frente Amplio,567,2
HOJA_EN,FS,6,PAA,Partido Frente Amplio,711,2
HOJA_EN,FS,6,PAA,Partido Frente Amplio,800,2
HOJA_EN,FS,6,PAA,Partido Frente Amplio,890,5
HOJA_EN,FS,6,PAA,Partido Frente Amplio,971,7
HOJA_EN,FS,6,PAA,Partido Frente Amplio,982,4
HOJA_EN,FS,6,PAA,Partido Frente Amplio,1810,24
HOJA_EN,FS,6,PAA,Partido Frente Amplio,90609,19
HOJA_EN,FS,6,PAA,Partido Frente Amplio,13037373,11
HOJA_EN,FS,6,PAA,Partido Frente Amplio,33115005,4
HOJA_EN,FS,6,PAA,Partido Frente Amplio,212137764,14
HOJA_EN,FS,7,PAA,Partido Frente Amplio,49,1
HOJA_EN,FS,7,PAA,Partido Frente Amplio,205,1
HOJA_EN,FS,7,PAA,Partido Frente Amplio,567,1
HOJA_EN,FS,7,PAA,Partido Frente Amplio,711,8
HOJA_EN,FS,7,PAA,Partido Frente Amplio,871,1
HOJA_EN,FS,7,PAA,Partido Frente Amplio,890,3
HOJA_EN,FS,7,PAA,Partido Frente Amplio,971,12
HOJA_EN,FS,7,PAA,Partido Frente Amplio,982,7
HOJA_EN,FS,7,PAA,Partido Frente Amplio,1618,1
HOJA_EN,FS,7,PAA,Partido Frente Amplio,1810,16
HOJA_EN,FS,7,PAA,Partido Frente Amplio,1968,2
HOJA_EN,FS,7,PAA,Partido Frente Amplio,90609,18
HOJA_EN,FS,7,PAA,Partido Frente Amplio,99000,2
HOJA_EN,FS,7,PAA,Partido Frente Amplio,13037373,3
HOJA_EN,FS,7,PAA,Partido Frente Amplio,212137764,24
HOJA_EN,FS,8,PAA,Partido Frente Amplio,49,3
HOJA_EN,FS,8,PAA,Partido Frente Amplio,205,2
HOJA_EN,FS,8,PAA,Partido Frente Amplio,567,1
HOJA_EN,FS,8,PAA,Partido Frente Amplio,711,4
HOJA_EN,FS,8,PAA,Partido Frente Amplio,800,1
HOJA_EN,FS,8,PAA,Partido Frente Amplio,890,5
HOJA_EN,FS,8,PAA,Partido Frente Amplio,971,6
HOJA_EN,FS,8,PAA,Partido Frente Amplio,982,2
HOJA_EN,FS,8,PAA,Partido Frente Amplio,1810,22
HOJA_EN,FS,8,PAA,Partido Frente Amplio,90609,17
HOJA_EN,FS,8,PAA,Partido Frente Amplio,99000,2
HOJA_EN,FS,8,PAA,Partido Frente Amplio,13037373,7
HOJA_EN,FS,8,PAA,Partido Frente Amplio,212137764,22
HOJA_EN,FS,9,PAA,Partido Frente Amplio,49,2
HOJA_EN,FS,9,PAA,Partido Frente Amplio,711,4
HOJA_EN,FS,9,PAA,Partido Frente Amplio,800,1
HOJA_EN,FS,9,PAA,Partido Frente Amplio,890,1
HOJA_EN,FS,9,PAA,Partido Frente Amplio,971,5
HOJA_EN,FS,9,PAA,Partido Frente Amplio,982,6
HOJA_EN,FS,9,PAA,Partido Frente Amplio,1810,24
HOJA_EN,FS,9,PAA,Partido Frente Amplio,90609,18
HOJA_EN,FS,9,PAA,Partido Frente Amplio,13037373,3
HOJA_EN,FS,9,PAA,Partido Frente Amplio,33115005,3
HOJA_EN,FS,9,PAA,Partido Frente Amplio,212137764,12
HOJA_EN,FS,10,PAA,Partido Frente Amplio,49,4
HOJA_EN,FS,10,PAA,Partido Frente Amplio,205,2
HOJA_EN,FS,10,PAA,Partido Frente Amplio,711,6
HOJA_EN,FS,10,PAA,Partido Frente Amplio,800,2
HOJA_EN,FS,10,PAA,Partido Frente Amplio,890,4
HOJA_EN,FS,10,PAA,Partido Frente Amplio,971,6
HOJA_EN,FS,10,PAA,Partido Frente Amplio,982,3
HOJA_EN,FS,10,PAA,Partido Frente Amplio,1810,33
HOJA_EN,FS,10,PAA,Partido Frente Amplio,90609,25
HOJA_EN,FS,10,PAA,Partido Frente Amplio,13037373,5
HOJA_EN,FS,10,PAA,Partido Frente Amplio,33115005,1
HOJA_EN,FS,10,PAA,Partido Frente Amplio,212137764,12
HOJA_EN,FS,11,PAA,Partido Frente Amplio,205,2
HOJA_EN,FS,11,PAA,Partido Frente Amplio,711,3
HOJA_EN,FS,11,PAA,Partido Frente Amplio,800,2
HOJA_EN,FS,11,PAA,Partido Frente Amplio,890,2
HOJA_EN,FS,11,PAA,Partido Frente Amplio,971,9
HOJA_EN,FS,11,PAA,Partido Frente Amplio,982,5
HOJA_EN,FS,11,PAA,Partido Frente Amplio,1618,1
HOJA_EN,FS,11,PAA,Partido Frente Amplio,1810,28
HOJA_EN,FS,11,PAA,Partido Frente Amplio,90609,25
HOJA_EN,FS,11,PAA,Partido Frente Amplio,99000,1
HOJA_EN,FS,11,PAA,Partido Frente Amplio,13037373,7
HOJA_EN,FS,11,PAA,Partido Frente Amplio,33115005,3
HOJA_EN,FS,11,PAA,Partido Frente Amplio,212137764,11
HOJA_EN,FS,12,PAA,Partido Frente Amplio,49,1
HOJA_EN,FS,12,PAA,Partido Frente Amplio,205,1
HOJA_EN,FS,12,PAA,Partido Frente Amplio,711,4
HOJA_EN,FS,12,PAA,Partido Frente Amplio,800,8
HOJA_EN,FS,12,PAA,Partido Frente Amplio,871,1
HOJA_EN,FS,12,PAA,Partido Frente Amplio,890,2
HOJA_EN,FS,12,PAA,Partido Frente Amplio,971,4
HOJA_EN,FS,12,PAA,Partido Frente Amplio,982,3
HOJA_EN,FS,12,PAA,Partido Frente Amplio,1810,32
HOJA_EN,FS,12,PAA,Partido Frente Amplio,1968,1
HOJA_EN,FS,12,PAA,Partido Frente Amplio,90609,20
HOJA_EN,FS,12,PAA,Partido Frente Amplio,13037373,5
HOJA_EN,FS,12,PAA,Partido Frente Amplio,33115005,1
HOJA_EN,FS,12,PAA,Partido Frente Amplio,212137764,14
HOJA_EN,FS,13,PAA,Partido Frente Amplio,49,2
HOJA_EN,FS,13,PAA,Partido Frente Amplio,205,2
HOJA_EN,FS,13,PAA,Partido Frente Amplio,711,4
HOJA_EN,FS,13,PAA,Partido Frente Amplio,800,2
HOJA_EN,FS,13,PAA,Partido Frente Amplio,871,2
HOJA_EN,FS,13,PAA,Partido Frente Amplio,890,4
HOJA_EN,FS,13,PAA,Partido Frente Amplio,971,5
HOJA_EN,FS,13,PAA,Partido Frente Amplio,982,2
HOJA_EN,FS,13,PAA,Partido Frente Amplio,1618,1
HOJA_EN,FS,13,PAA,Partido Frente Amplio,1810,34
HOJA_EN,FS,13,PAA,Partido Frente Amplio,90609,28
HOJA_EN,FS,13,PAA,Partido Frente Amplio,99000,2
HOJA_EN,FS,13,PAA,Partido Frente Amplio,13037373,11
HOJA_EN,FS,13,PAA,Partido Frente Amplio,33115005,4
HOJA_EN,FS,13,PAA,Partido Frente Amplio,212137764,16
HOJA_EN,FS,14,PAA,Partido Frente Amplio,49,2
HOJA_EN,FS,14,PAA,Partido Frente Amplio,567,1
HOJA_EN,FS,14,PAA,Partido Frente Amplio,711,5
HOJA_EN,FS,14,PAA,Partido Frente Amplio,800,6
HOJA_EN,FS,14,PAA,Partido Frente Amplio,871,1
HOJA_EN,FS,14,PAA,Partido Frente Amplio,890,4
HOJA_EN,FS,14,PAA,Partido Frente Amplio,971,4
HOJA_EN,FS,14,PAA,Partido Frente Amplio,982,3
HOJA_EN,FS,14,PAA,Partido Frente Amplio,1618,1
HOJA_EN,FS,14,PAA,Partido Frente Amplio,1810,27
HOJA_EN,FS,14,PAA,Partido Frente Amplio,90609,36
HOJA_EN,FS,14,PAA,Partido Frente Amplio,99000,1
HOJA_EN,FS,14,PAA,Partido Frente Amplio,13037373,2
HOJA_EN,FS,14,PAA,Partido Frente Amplio,33115005,3
HOJA_EN,FS,14,PAA,Partido Frente Amplio,212137764,12
HOJA_EN,FS,15,PAA,Partido Frente Amplio,567,1
HOJA_EN,FS,15,PAA,Partido Frente Amplio,711,1
HOJA_EN,FS,15,PAA,Partido Frente Amplio,800,4
HOJA_EN,FS,15,PAA,Partido Frente Amplio,871,1
HOJA_EN,FS,15,PAA,Partido Frente Amplio,890,5
HOJA_EN,FS,15,PAA,Partido Frente Amplio,971,6
HOJA_EN,FS,15,PAA,Partido Frente Amplio,982,2
HOJA_EN,FS,15,PAA,Partido Frente Amplio,1618,1
HOJA_EN,FS,15,PAA,Partido Frente Amplio,1810,36
HOJA_EN,FS,15,PAA,Partido Frente Amplio,1968,1
HOJA_EN,FS,15,PAA,Partido Frente Amplio,90609,24
HOJA_EN,FS,15,PAA,Partido Frente Amplio,13037373,5
HOJA_EN,FS,15,PAA,Partido Frente Amplio,33115005,2
HOJA_EN,FS,15,PAA,Partido Frente Amplio,212137764,8
HOJA_EN,FS,16,PAA,Partido Frente Amplio,49,5
HOJA_EN,FS,16,PAA,Partido Frente Amplio,711,3
HOJA_EN,FS,16,PAA,Partido Frente Amplio,800,2
HOJA_EN,FS,16,PAA,Partido Frente Amplio,890,2
HOJA_EN,FS,16,PAA,Partido Frente Amplio,971,8
HOJA_EN,FS,16,PAA,Partido Frente Amplio,982,7
HOJA_EN,FS,16,PAA,Partido Frente Amplio,1618,1
HOJA_EN,FS,16,PAA,Partido Frente Amplio,1810,39
HOJA_EN,FS,16,PAA,Partido Frente Amplio,8008,1
HOJA_EN,FS,16,PAA,Partido Frente Amplio,90609,29
HOJA_EN,FS,16,PAA,Partido Frente Amplio,99000,1
HOJA_EN,FS,16,PAA,Partido Frente Amplio,13037373,3
HOJA_EN,FS,16,PAA,Partido Frente Amplio,33115005,1
HOJA_EN,FS,16,PAA,Partido Frente Amplio,212137764,10
HOJA_EN,FS,17,PAA,Partido Frente Amplio,49,3
HOJA_EN,FS,17,PAA,Partido Frente Amplio,205,1
HOJA_EN,FS,17,PAA,Partido Frente Amplio,711,3
HOJA_EN,FS,17,PAA,Partido Frente Amplio,800,2
HOJA_EN,FS,17,PAA,Partido Frente Amplio,890,7
HOJA_EN,FS,17,PAA,Partido Frente Amplio,971,9
HOJA_EN,FS,17,PAA,Partido Frente Amplio,982,1
HOJA_EN,FS,17,PAA,Partido Frente Amplio,1618,2
HOJA_EN,FS,17,PAA,Partido Frente Amplio,1810,22
HOJA_EN,FS,17,PAA,Partido Frente Amplio,8008,1
HOJA_EN,FS,17,PAA,Partido Frente Amplio,90609,18
HOJA_EN,FS,17,PAA,Partido Frente Amplio,99000,2
HOJA_EN,FS,17,PAA,Partido Frente Amplio,13037373,8
HOJA_EN,FS,17,PAA,Partido Frente Amplio,33115005,1
HOJA_EN,FS,17,PAA,Partido Frente Amplio,212137764,17
HOJA_EN,FS,18,PAA,Partido Frente Amplio,49,2
HOJA_EN,FS,18,PAA,Partido Frente Amplio,205,2
HOJA_EN,FS,18,PAA,Partido Frente Amplio,711,5
HOJA_EN,FS,18,PAA,Partido Frente Amplio,800,4
HOJA_EN,FS,18,PAA,Partido Frente Amplio,890,4
HOJA_EN,FS,18,PAA,Partido Frente Amplio,971,5
HOJA_EN,FS,18,PAA,Partido Frente Amplio,982,3
HOJA_EN,FS,18,PAA,Partido Frente Amplio,1618,3
HOJA_EN,FS,18,PAA,Partido Frente Amplio,1810,26
HOJA_EN,FS,18,PAA,Partido Frente Amplio,1968,2
HOJA_EN,FS,18,PAA,Partido Frente Amplio,90609,23
HOJA_EN,FS,18,PAA,Partido Frente Amplio,13037373,4
HOJA_EN,FS,18,PAA,Partido Frente Amplio,33115005,3
HOJA_EN,FS,18,PAA,Partido Frente Amplio,212137764,8
HOJA_EN,FS,19,PAA,Partido Frente Amplio,49,1
HOJA_EN,FS,19,PAA,Partido Frente Amplio,711,4
HOJA_EN,FS,19,PAA,Partido Frente Amplio,800,7
HOJA_EN,FS,19,PAA,Partido Frente Amplio,871,1
HOJA_EN,FS,19,PAA,Partido Frente Amplio,890,6
HOJA_EN,FS,19,PAA,Partido Frente Amplio,971,2
HOJA_EN,FS,19,PAA,Partido Frente Amplio,982,3
HOJA_EN,FS,19,PAA,Partido Frente Amplio,1618,1
HOJA_EN,FS,19,PAA,Partido Frente Amplio,1810,30
HOJA_EN,FS,19,PAA,Partido Frente Amplio,8008,2
HOJA_EN,FS,19,PAA,Partido Frente Amplio,90609,26
HOJA_EN,FS,19,PAA,Partido Frente Amplio,99000,3
HOJA_EN,FS,19,PAA,Partido Frente Amplio,13037373,11
HOJA_EN,FS,19,PAA,Partido Frente Amplio,33115005,3
HOJA_EN,FS,19,PAA,Partido Frente Amplio,212137764,16
HOJA_EN,FS,20,PAA,Partido Frente Amplio,205,1
HOJA_EN,FS,20,PAA,Partido Frente Amplio,567,1
HOJA_EN,FS,20,PAA,Partido Frente Amplio,711,2
HOJA_EN,FS,20,PAA,Partido Frente Amplio,800,7
HOJA_EN,FS,20,PAA,Partido Frente Amplio,890,7
HOJA_EN,FS,20,PAA,Partido Frente Amplio,971,12
HOJA_EN,FS,20,PAA,Partido Frente Amplio,982,5
HOJA_EN,FS,20,PAA,Partido Frente Amplio,1618,3
HOJA_EN,FS,20,PAA,Partido Frente Amplio,1810,16
HOJA_EN,FS,20,PAA,Partido Frente Amplio,8008,1
HOJA_EN,FS,20,PAA,Partido Frente Amplio,90609,34
HOJA_EN,FS,20,PAA,Partido Frente Amplio,99000,3
HOJA_EN,FS,20,PAA,Partido Frente Amplio,13037373,6
HOJA_EN,FS,20,PAA,Partido Frente Amplio,33115005,3
HOJA_EN,FS,20,PAA,Partido Frente Amplio,212137764,9
HOJA_EN,FS,21,PAA,Partido Frente Amplio,49,1
HOJA_EN,FS,21,PAA,Partido Frente Amplio,711,6
HOJA_EN,FS,21,PAA,Partido Frente Amplio,800,15
HOJA_EN,FS,21,PAA,Partido Frente Amplio,871,1
HOJA_EN,FS,21,PAA,Partido Frente Amplio,890,9
HOJA_EN,FS,21,PAA,Partido Frente Amplio,971,4
HOJA_EN,FS,21,PAA,Partido Frente Amplio,982,3
HOJA_EN,FS,21,PAA,Partido Frente Amplio,1618,2
HOJA_EN,FS,21,PAA,Partido Frente Amplio,1810,28
HOJA_EN,FS,21,PAA,Partido Frente Amplio,1968,2
HOJA_EN,FS,21,PAA,Partido Frente Amplio,90609,21
HOJA_EN,FS,21,PAA,Partido Frente Amplio,13037373,9
HOJA_EN,FS,21,PAA,Partido Frente Amplio,33115005,5
HOJA_EN,FS,21,PAA,Partido Frente Amplio,212137764,7
HOJA_EN,FS,22,PAA,Partido Frente Amplio,205,2
HOJA_EN,FS,22,PAA,Partido Frente Amplio,711,6
HOJA_EN,FS,22,PAA,Partido Frente Amplio,800,4
HOJA_EN,FS,22,PAA,Partido Frente Amplio,871,1
HOJA_EN,FS,22,PAA,Partido Frente Amplio,890,7
HOJA_EN,FS,22,PAA,Partido Frente Amplio,971,3
HOJA_EN,FS,22,PAA,Partido Frente Amplio,982,1
HOJA_EN,FS,22,PAA,Partido Frente Amplio,1810,35
HOJA_EN,FS,22,PAA,Partido Frente Amplio,90609,30
HOJA_EN,FS,22,PAA,Partido Frente Amplio,99000,1
HOJA_EN,FS,22,PAA,Partido Frente Amplio,13037373,3
HOJA_EN,FS,22,PAA,Partido Frente Amplio,33115005,1
HOJA_EN,FS,22,PAA,Partido Frente Amplio,212137764,8
HOJA_EN,FS,23,PAA,Partido Frente Amplio,49,3
HOJA_EN,FS,23,PAA,Partido Frente Amplio,205,2
HOJA_EN,FS,23,PAA,Partido Frente Amplio,800,4
HOJA_EN,FS,23,PAA,Partido Frente Amplio,871,2
HOJA_EN,FS,23,PAA,Partido Frente Amplio,890,5
HOJA_EN,FS,23,PAA,Partido Frente Amplio,971,10
HOJA_EN,FS,23,PAA,Partido Frente Amplio,982,7
HOJA_EN,FS,23,PAA,Partido Frente Amplio,1618,3
HOJA_EN,FS,23,PAA,Partido Frente Amplio,1810,31
HOJA_EN,FS,23,PAA,Partido Frente Amplio,1968,2
HOJA_EN,FS,23,PAA,Partido Frente Amplio,90609,22
HOJA_EN,FS,23,PAA,Partido Frente Amplio,99000,2
HOJA_EN,FS,23,PAA,Partido Frente Amplio,13037373,6
HOJA_EN,FS,23,PAA,Partido Frente Amplio,33115005,3
HOJA_EN,FS,23,PAA,Partido Frente Amplio,212137764,19
HOJA_EN,FS,24,PAB,Partido Frente Amplio,1810,1
HOJA_EN,FS,25,PAC,Partido Frente Amplio,49,3
HOJA_EN,FS,25,PAC,Partido Frente Amplio,205,2
HOJA_EN,FS,25,PAC,Partido Frente Amplio,800,4
HOJA_EN,FS,25,PAC,Partido Frente Amplio,871,1
HOJA_EN,FS,25,PAC,Partido Frente Amplio,890,6
HOJA_EN,FS,25,PAC,Partido Frente Amplio,971,2
HOJA_EN,FS,25,PAC,Partido Frente Amplio,1618,1
HOJA_EN,FS,25,PAC,Partido Frente Amplio,1810,12
HOJA_EN,FS,25,PAC,Partido Frente Amplio,90609,9
HOJA_EN,FS,25,PAC,Partido Frente Amplio,99000,1
HOJA_EN,FS,25,PAC,Partido Frente Amplio,33115005,1
HOJA_EN,FS,25,PAC,Partido Frente Amplio,212137764,2
HOJA_EN,FS,26,PAD,Partido Frente Amplio,1810,1
HOJA_EN,FS,26,PAD,Partido Frente Amplio,90609,1
HOJA_EN,FS,27,PBA,Partido Frente Amplio,49,2
HOJA_EN,FS,27,PBA,Partido Frente Amplio,205,1
HOJA_EN,FS,27,PBA,Partido Frente Amplio,711,3
HOJA_EN,FS,27,PBA,Partido Frente Amplio,800,2
HOJA_EN,FS,27,PBA,Partido Frente Amplio,890,1
HOJA_EN,FS,27,PBA,Partido Frente Amplio,971,6
HOJA_EN,FS,27,PBA,Partido Frente Amplio,1810,6
HOJA_EN,FS,27,PBA,Partido Frente Amplio,90609,17
HOJA_EN,FS,27,PBA,Partido Frente Amplio,13037373,2
HOJA_EN,FS,27,PBA,Partido Frente Amplio,212137764,1
HOJA_EN,FS,28,PBA,Partido Frente Amplio,49,1
HOJA_EN,FS,28,PBA,Partido Frente Amplio,711,4
HOJA_EN,FS,28,PBA,Partido Frente Amplio,890,2
HOJA_EN,FS,28,PBA,Partido Frente Amplio,971,7
HOJA_EN,FS,28,PBA,Partido Frente Amplio,982,3
HOJA_EN,FS,28,PBA,Partido Frente Amplio,1810,9
HOJA_EN,FS,28,PBA,Partido Frente Amplio,90609,27
HOJA_EN,FS,28,PBA,Partido Frente Amplio,99000,3
HOJA_EN,FS,28,PBA,Partido Frente Amplio,212137764,9
HOJA_EN,FS,29,PBA,Partido Frente Amplio,205,1
HOJA_EN,FS,29,PBA,Partido Frente Amplio,711,6
HOJA_EN,FS,29,PBA,Partido Frente Amplio,800,2
HOJA_EN,FS,29,PBA,Partido Frente Amplio,890,1
HOJA_EN,FS,29,PBA,Partido Frente Amplio,971,4
HOJA_EN,FS,29,PBA,Partido Frente Amplio,982,3
HOJA_EN,FS,29,PBA,Partido Frente Amplio,1810,16
HOJA_EN,FS,29,PBA,Partido Frente Amplio,90609,16
HOJA_EN,FS,29,PBA,Partido Frente Amplio,99000,1
HOJA_EN,FS,29,PBA,Partido Frente Amplio,13037373,8
HOJA_EN,FS,29,PBA,Partido Frente Amplio,212137764,10
HOJA_EN,FS,30,PBA,Partido Frente Amplio,711,2
HOJA_EN,FS,30,PBA,Partido Frente Amplio,890,1
HOJA_EN,FS,30,PBA,Partido Frente Amplio,971,6
HOJA_EN,FS,30,PBA,Partido Frente Amplio,982,2
HOJA_EN,FS,30,PBA,Partido Frente Amplio,1810,19
HOJA_EN,FS,30,PBA,Partido Frente Amplio,90609,21
HOJA_EN,FS,30,PBA,Partido Frente Amplio,99000,2
HOJA_EN,FS,30,PBA,Partido Frente Amplio,13037373,2
HOJA_EN,FS,30,PBA,Partido Frente Amplio,33115005,2
HOJA_EN,FS,30,PBA,Partido Frente Amplio,212137764,12
HOJA_EN,FS,31,PBA,Partido Frente Amplio,49,2
HOJA_EN,FS,31,PBA,Partido Frente Amplio,205,1
HOJA_EN,FS,31,PBA,Partido Frente Amplio,711,2
HOJA_EN,FS,31,PBA,Partido Frente Amplio,800,1
HOJA_EN,FS,31,PBA,Partido Frente Amplio,890,3
HOJA_EN,FS,31,PBA,Partido Frente Amplio,971,6
HOJA_EN,FS,31,PBA,Partido Frente Amplio,982,3
HOJA_EN,FS,31,PBA,Partido Frente Amplio,1618,2
HOJA_EN,FS,31,PBA,Partido Frente Amplio,1810,27
HOJA_EN,FS,31,PBA,Partido Frente Amplio,90609,15
HOJA_EN,FS,31,PBA,Partido Frente Amplio,99000,1
HOJA_EN,FS,31,PBA,Partido Frente Amplio,13037373,4
HOJA_EN,FS,31,PBA,Partido Frente Amplio,212137764,7
HOJA_EN,FS,32,PBA,Partido Frente Amplio,49,2
HOJA_EN,FS,32,PBA,Partido Frente Amplio,205,1
HOJA_EN,FS,32,PBA,Partido Frente Amplio,711,4
HOJA_EN,FS,32,PBA,Partido Frente Amplio,800,1
HOJA_EN,FS,32,PBA,Partido Frente Amplio,890,1
HOJA_EN,FS,32,PBA,Partido Frente Amplio,971,4
HOJA_EN,FS,32,PBA,Partido Frente Amplio,982,6
HOJA_EN,FS,32,PBA,Partido Frente Amplio,1618,1
HOJA_EN,FS,32,PBA,Partido Frente Amplio,1810,26
HOJA_EN,FS,32,PBA,Partido Frente Amplio,90609,24
HOJA_EN,FS,32,PBA,Partido Frente Amplio,13037373,2
HOJA_EN,FS,32,PBA,Partido Frente Amplio,33115005,4
HOJA_EN,FS,32,PBA,Partido Frente Amplio,212137764,10
HOJA_EN,FS,33,PBA,Partido Frente Amplio,49,5
HOJA_EN,FS,33,PBA,Partido Frente Amplio,205,2
HOJA_EN,FS,33,PBA,Partido Frente Amplio,711,1
HOJA_EN,FS,33,PBA,Partido Frente Amplio,800,1
HOJA_EN,FS,33,PBA,Partido Frente Amplio,890,1
HOJA_EN,FS,33,PBA,Partido Frente Amplio,971,7
HOJA_EN,FS,33,PBA,Partido Frente Amplio,982,4
HOJA_EN,FS,33,PBA,Partido Frente Amplio,1810,24
HOJA_EN,FS,33,PBA,Partido Frente Amplio,90609,18
HOJA_EN,FS,33,PBA,Partido Frente Amplio,13037373,4
HOJA_EN,FS,33,PBA,Partido Frente Amplio,33115005,3
HOJA_EN,FS,33,PBA,Partido Frente Amplio,212137764,6
HOJA_EN,FS,34,PBA,Partido Frente Amplio,49,1
HOJA_EN,FS,34,PBA,Partido Frente Amplio,205,1
HOJA_EN,FS,34,PBA,Partido Frente Amplio,567,1
HOJA_EN,FS,34,PBA,Partido Frente Amplio,711,2
HOJA_EN,FS,34,PBA,Partido Frente Amplio,890,1
HOJA_EN,FS,34,PBA,Partido Frente Amplio,971,8
HOJA_EN,FS,34,PBA,Partido Frente Amplio,982,4
HOJA_EN,FS,34,PBA,Partido Frente Amplio,1618,1
HOJA_EN,FS,34,PBA,Partido Frente Amplio,1810,23
HOJA_EN,FS,34,PBA,Partido Frente Amplio,1968,1
HOJA_EN,FS,34,PBA,Partido Frente Amplio,90609,16
HOJA_EN,FS,34,PBA,Partido Frente Amplio,99000,3
HOJA_EN,FS,34,PBA,Partido Frente Amplio,13037373,4
HOJA_EN,FS,34,PBA,Partido Frente Amplio,33115005,3
HOJA_EN,FS,34,PBA,Partido Frente Amplio,212137764,12
HOJA_EN,FS,35,PBA,Partido Frente Amplio,49,1
HOJA_EN,FS,35,PBA,Partido Frente Amplio,205,1
HOJA_EN,FS,35,PBA,Partido Frente Amplio,567,2
HOJA_EN,FS,35,PBA,Partido Frente Amplio,711,2
HOJA_EN,FS,35,PBA,Partido Frente Amplio,871,1
HOJA_EN,FS,35,PBA,Partido Frente Amplio,890,1
HOJA_EN,FS,35,PBA,Partido Frente Amplio,971,10
HOJA_EN,FS,35,PBA,Partido Frente Amplio,982,8
HOJA_EN,FS,35,PBA,Partido Frente Amplio,1810,29
HOJA_EN,FS,35,PBA,Partido Frente Amplio,90609,18
HOJA_EN,FS,35,PBA,Partido Frente Amplio,13037373,7
HOJA_EN,FS,35,PBA,Partido Frente Amplio,33115005,3
HOJA_EN,FS,35,PBA,Partido Frente Amplio,212137764,9
HOJA_EN,FS,36,PBA,Partido Frente Amplio,49,2
HOJA_EN,FS,36,PBA,Partido Frente Amplio,711,7
HOJA_EN,FS,36,PBA,Partido Frente Amplio,800,4
HOJA_EN,FS,36,PBA,Partido Frente Amplio,871,2
HOJA_EN,FS,36,PBA,Partido Frente Amplio,890,2
HOJA_EN,FS,36,PBA,Partido Frente Amplio,971,7
HOJA_EN,FS,36,PBA,Partido Frente Amplio,982,6
HOJA_EN,FS,36,PBA,Partido Frente Amplio,1810,16
HOJA_EN,FS,36,PBA,Partido Frente Amplio,1968,1
HOJA_EN,FS,36,PBA,Partido Frente Amplio,90609,21
HOJA_EN,FS,36,PBA,Partido Frente Amplio,33115005,2
HOJA_EN,FS,36,PBA,Partido Frente Amplio,212137764,16
HOJA_EN,FS,37,PBA,Partido Frente Amplio,49,2
HOJA_EN,FS,37,PBA,Partido Frente Amplio,205,2
HOJA_EN,FS,37,PBA,Partido Frente Amplio,711,2
HOJA_EN,FS,37,PBA,Partido Frente Amplio,800,1
HOJA_EN,FS,37,PBA,Partido Frente Amplio,890,3
HOJA_EN,FS,37,PBA,Partido Frente Amplio,971,3
HOJA_EN,FS,37,PBA,Partido Frente Amplio,982,5
HOJA_EN,FS,37,PBA,Partido Frente Amplio,1810,21
HOJA_EN,FS,37,PBA,Partido Frente Amplio,1968,1
HOJA_EN,FS,37,PBA,Partido Frente Amplio,90609,28
HOJA_EN,FS,37,PBA,Partido Frente Amplio,13037373,8
HOJA_EN,FS,37,PBA,Partido Frente Amplio,33115005,4
HOJA_EN,FS,37,PBA,Partido Frente Amplio,212137764,15
HOJA_EN,FS,38,PBA,Partido Frente Amplio,49,3
HOJA_EN,FS,38,PBA,Partido Frente Amplio,711,3
HOJA_EN,FS,38,PBA,Partido Frente Amplio,800,3
HOJA_EN,FS,38,PBA,Partido Frente Amplio,890,4
HOJA_EN,FS,38,PBA,Partido Frente Amplio,971,6
HOJA_EN,FS,38,PBA,Partido Frente Amplio,982,2
HOJA_EN,FS,38,PBA,Partido Frente Amplio,1810,30
HOJA_EN,FS,38,PBA,Partido Frente Amplio,1968,2
HOJA_EN,FS,38,PBA,Partido Frente Amplio,90609,25
HOJA_EN,FS,38,PBA,Partido Frente Amplio,99000,1
HOJA_EN,FS,38,PBA,Partido Frente Amplio,13037373,6
HOJA_EN,FS,38,PBA,Partido Frente Amplio,212137764,15
HOJA_EN,FS,39,PBA,Partido Frente Amplio,567,1
HOJA_EN,FS,39,PBA,Partido Frente Amplio,711,4
HOJA_EN,FS,39,PBA,Partido Frente Amplio,800,9
HOJA_EN,FS,39,PBA,Partido Frente Amplio,890,5
HOJA_EN,FS,39,PBA,Partido Frente Amplio,971,3
HOJA_EN,FS,39,PBA,Partido Frente Amplio,982,6
HOJA_EN,FS,39,PBA,Partido Frente Amplio,1810,24
HOJA_EN,FS,39,PBA,Partido Frente Amplio,90609,24
HOJA_EN,FS,39,PBA,Partido Frente Amplio,13037373,9
HOJA_EN,FS,39,PBA,Partido Frente Amplio,33115005,1
HOJA_EN,FS,39,PBA,Partido Frente Amplio,212137764,18
HOJA_EN,FS,40,PBA,Partido Frente Amplio,49,3
HOJA_EN,FS,40,PBA,Partido Frente Amplio,567,2
HOJA_EN,FS,40,PBA,Partido Frente Amplio,711,4
HOJA_EN,FS,40,PBA,Partido Frente Amplio,800,4
HOJA_EN,FS,40,PBA,Partido Frente Amplio,890,3
HOJA_EN,FS,40,PBA,Partido Frente Amplio,971,8
HOJA_EN,FS,40,PBA,Partido Frente Amplio,982,4
HOJA_EN,FS,40,PBA,Partido Frente Amplio,1618,1
HOJA_EN,FS,40,PBA,Partido Frente Amplio,1810,40
HOJA_EN,FS,40,PBA,Partido Frente Amplio,8008,1
HOJA_EN,FS,40,PBA,Partido Frente Amplio,90609,16
HOJA_EN,FS,40,PBA,Partido Frente Amplio,99000,3
HOJA_EN,FS,40,PBA,Partido Frente Amplio,13037373,3
HOJA_EN,FS,40,PBA,Partido Frente Amplio,33115005,5
HOJA_EN,FS,40,PBA,Partido Frente Amplio,212137764,11
HOJA_EN,FS,41,PBA,Partido Frente Amplio,49,2
HOJA_EN,FS,41,PBA,Partido Frente Amplio,205,2
HOJA_EN,FS,41,PBA,Partido Frente Amplio,711,1
HOJA_EN,FS,41,PBA,Partido Frente Amplio,800,3
HOJA_EN,FS,41,PBA,Partido Frente Amplio,890,13
HOJA_EN,FS,41,PBA,Partido Frente Amplio,971,5
HOJA_EN,FS,41,PBA,Partido Frente Amplio,982,1
HOJA_EN,FS,41,PBA,Partido Frente Amplio,1618,1
HOJA_EN,FS,41,PBA,Partido Frente Amplio,1810,28
HOJA_EN,FS,41,PBA,Partido Frente Amplio,90609,24
HOJA_EN,FS,41,PBA,Partido Frente Amplio,13037373,2
HOJA_EN,FS,41,PBA,Partido Frente Amplio,33115005,1
HOJA_EN,FS,41,PBA,Partido Frente Amplio,212137764,11
HOJA_EN,FS,42,PBA,Partido Frente Amplio,49,5
HOJA_EN,FS,42,PBA,Partido Frente Amplio,205,1
HOJA_EN,FS,42,PBA,Partido Frente Amplio,567,1
HOJA_EN,FS,42,PBA,Partido Frente Amplio,711,6
HOJA_EN,FS,42,PBA,Partido Frente Amplio,800,1
HOJA_EN,FS,42,PBA,Partido Frente Amplio,871,1
HOJA_EN,FS,42,PBA,Partido Frente Amplio,890,4
HOJA_EN,FS,42,PBA,Partido Frente Amplio,971,8
HOJA_EN,FS,42,PBA,Partido Frente Amplio,982,6
HOJA_EN,FS,42,PBA,Partido Frente Amplio,1618,1
HOJA_EN,FS,42,PBA,Partido Frente Amplio,1810,34
HOJA_EN,FS,42,PBA,Partido Frente Amplio,8008,2
HOJA_EN,FS,42,PBA,Partido Frente Amplio,90609,17
HOJA_EN,FS,42,PBA,Partido Frente Amplio,99000,1
HOJA_EN,FS,42,PBA,Partido Frente Amplio,13037373,6
HOJA_EN,FS,42,PBA,Partido Frente Amplio,33115005,4
HOJA_EN,FS,42,PBA,Partido Frente Amplio,212137764,12
HOJA_EN,FS,43,PBA,Partido Frente Amplio,49,2
HOJA_EN,FS,43,PBA,Partido Frente Amplio,205,1
HOJA_EN,FS,43,PBA,Partido Frente Amplio,711,2
HOJA_EN,FS,43,PBA,Partido Frente Amplio,800,1
HOJA_EN,FS,43,PBA,Partido Frente Amplio,871,2
HOJA_EN,FS,43,PBA,Partido Frente Amplio,890,4
HOJA_EN,FS,43,PBA,Partido Frente Amplio,971,7
HOJA_EN,FS,43,PBA,Partido Frente Amplio,982,3
HOJA_EN,FS,43,PBA,Partido Frente Amplio,1618,2
HOJA_EN,FS,43,PBA,Partido Frente Amplio,1810,39
HOJA_EN,FS,43,PBA,Partido Frente Amplio,1968,1
HOJA_EN,FS,43,PBA,Partido Frente Amplio,90609,27
HOJA_EN,FS,43,PBA,Partido Frente Amplio,99000,1
HOJA_EN,FS,43,PBA,Partido Frente Amplio,13037373,4
HOJA_EN,FS,43,PBA,Partido Frente Amplio,33115005,2
HOJA_EN,FS,43,PBA,Partido Frente Amplio,212137764,10
HOJA_EN,FS,44,PBA,Partido Frente Amplio,711,2
HOJA_EN,FS,44,PBA,Partido Frente Amplio,800,3
HOJA_EN,FS,44,PBA,Partido Frente Amplio,890,4
HOJA_EN,FS,44,PBA,Partido Frente Amplio,971,5
HOJA_EN,FS,44,PBA,Partido Frente Amplio,982,2
HOJA_EN,FS,44,PBA,Partido Frente Amplio,1618,1
HOJA_EN,FS,44,PBA,Partido Frente Amplio,1810,32
HOJA_EN,FS,44,PBA,Partido Frente Amplio,1968,1
HOJA_EN,FS,44,PBA,Partido Frente Amplio,8008,1
HOJA_EN,FS,44,PBA,Partido Frente Amplio,90609,24
HOJA_EN,FS,44,PBA,Partido Frente Amplio,99000,1
HOJA_EN,FS,44,PBA,Partido Frente Amplio,13037373,3
HOJA_EN,FS,44,PBA,Partido Frente Amplio,33115005,2
HOJA_EN,FS,44,PBA,Partido Frente Amplio,212137764,11
HOJA_EN,FS,45,PBA,Partido Frente Amplio,49,2
HOJA_EN,FS,45,PBA,Partido Frente Amplio,205,3
HOJA_EN,FS,45,PBA,Partido Frente Amplio,711,1
HOJA_EN,FS,45,PBA,Partido Frente Amplio,800,4
HOJA_EN,FS,45,PBA,Partido Frente Amplio,871,3
HOJA_EN,FS,45,PBA,Partido Frente Amplio,890,2
HOJA_EN,FS,45,PBA,Partido Frente Amplio,971,9
HOJA_EN,FS,45,PBA,Partido Frente Amplio,982,5
HOJA_EN,FS,45,PBA,Partido Frente Amplio,1618,1
HOJA_EN,FS,45,PBA,Partido Frente Amplio,1810,34
HOJA_EN,FS,45,PBA,Partido Frente Amplio,90609,19
HOJA_EN,FS,45,PBA,Partido Frente Amplio,99000,3
HOJA_EN,FS,45,PBA,Partido Frente Amplio,13037373,2
HOJA_EN,FS,45,PBA,Partido Frente Amplio,33115005,2
HOJA_EN,FS,45,PBA,Partido Frente Amplio,212137764,8
HOJA_EN,FS,46,PBA,Partido Frente Amplio,49,2
HOJA_EN,FS,46,PBA,Partido Frente Amplio,205,5
HOJA_EN,FS,46,PBA,Partido Frente Amplio,567,2
HOJA_EN,FS,46,PBA,Partido Frente Amplio,711,2
HOJA_EN,FS,46,PBA,Partido Frente Amplio,800,11
HOJA_EN,FS,46,PBA,Partido Frente Amplio,871,1
HOJA_EN,FS,46,PBA,Partido Frente Amplio,890,6
HOJA_EN,FS,46,PBA,Partido Frente Amplio,971,10
HOJA_EN,FS,46,PBA,Partido Frente Amplio,982,7
HOJA_EN,FS,46,PBA,Partido Frente Amplio,1810,33
HOJA_EN,FS,46,PBA,Partido Frente Amplio,90609,26
HOJA_EN,FS,46,PBA,Partido Frente Amplio,13037373,4
HOJA_EN,FS,46,PBA,Partido Frente Amplio,33115005,5
HOJA_EN,FS,46,PBA,Partido Frente Amplio,212137764,8
HOJA_EN,FS,47,PBA,Partido Frente Amplio,49,5
HOJA_EN,FS,47,PBA,Partido Frente Amplio,205,1
HOJA_EN,FS,47,PBA,Partido Frente Amplio,711,1
HOJA_EN,FS,47,PBA,Partido Frente Amplio,800,5
HOJA_EN,FS,47,PBA,Partido Frente Amplio,890,3
HOJA_EN,FS,47,PBA,Partido Frente Amplio,971,9
HOJA_EN,FS,47,PBA,Partido Frente Amplio,982,1
HOJA_EN,FS,47,PBA,Partido Frente Amplio,1618,1
HOJA_EN,FS,47,PBA,Partido Frente Amplio,1810,30
HOJA_EN,FS,47,PBA,Partido Frente Amplio,90609,22
HOJA_EN,FS,47,PBA,Partido Frente Amplio,99000,3
HOJA_EN,FS,47,PBA,Partido Frente Amplio,13037373,7
HOJA_EN,FS,47,PBA,Partido Frente Amplio,33115005,4
HOJA_EN,FS,47,PBA,Partido Frente Amplio,212137764,5
HOJA_EN,FS,48,PBA,Partido Frente Amplio,205,2
HOJA_EN,FS,48,PBA,Partido Frente Amplio,711,8
HOJA_EN,FS,48,PBA,Partido Frente Amplio,800,1
HOJA_EN,FS,48,PBA,Partido Frente Amplio,890,2
HOJA_EN,FS,48,PBA,Partido Frente Amplio,971,9
HOJA_EN,FS,48,PBA,Partido Frente Amplio,982,2
HOJA_EN,FS,48,PBA,Partido Frente Amplio,1810,33
HOJA_EN,FS,48,PBA,Partido Frente Amplio,90609,13
HOJA_EN,FS,48,PBA,Partido Frente Amplio,13037373,4
HOJA_EN,FS,48,PBA,Partido Frente Amplio,33115005,3
HOJA_EN,FS,48,PBA,Partido Frente Amplio,212137764,8
HOJA_EN,FS,49,PBA,Partido Frente Amplio,49,1
HOJA_EN,FS,49,PBA,Partido Frente Amplio,711,2
HOJA_EN,FS,49,PBA,Partido Frente Amplio,800,6
HOJA_EN,FS,49,PBA,Partido Frente Amplio,871,1
HOJA_EN,FS,49,PBA,Partido Frente Amplio,890,8
HOJA_EN,FS,49,PBA,Partido Frente Amplio,971,13
HOJA_EN,FS,49,PBA,Partido Frente Amplio,982,5
HOJA_EN,FS,49,PBA,Partido Frente Amplio,1618,3
HOJA_EN,FS,49,PBA,Partido Frente Amplio,1810,37
HOJA_EN,FS,49,PBA,Partido Frente Amplio,8008,1
HOJA_EN,FS,49,PBA,Partido Frente Amplio,90609,19
HOJA_EN,FS,49,PBA,Partido Frente Amplio,13037373,5
HOJA_EN,FS,49,PBA,Partido Frente Amplio,33115005,2
HOJA_EN,FS,49,PBA,Partido Frente Amplio,212137764,8
HOJA_EN,FS,50,PBA,Partido Frente Amplio,205,4
HOJA_EN,FS,50,PBA,Partido Frente Amplio,711,7
HOJA_EN,FS,50,PBA,Partido Frente Amplio,800,4
HOJA_EN,FS,50,PBA,Partido Frente Amplio,890,10
HOJA_EN,FS,50,PBA,Partido Frente Amplio,971,7
HOJA_EN,FS,50,PBA,Partido Frente Amplio,982,6
HOJA_EN,FS,50,PBA,Partido Frente Amplio,1618,1
HOJA_EN,FS,50,PBA,Partido Frente Amplio,1810,32
HOJA_EN,FS,50,PBA,Partido Frente Amplio,1968,4
HOJA_EN,FS,50,PBA,Partido Frente Amplio,90609,20
HOJA_EN,FS,50,PBA,Partido Frente Amplio,99000,1
HOJA_EN,FS,50,PBA,Partido Frente Amplio,13037373,6
HOJA_EN,FS,50,PBA,Partido Frente Amplio,33115005,3
HOJA_EN,FS,50,PBA,Partido Frente Amplio,212137764,9
HOJA_EN,FS,51,PBA,Partido Frente Amplio,49,4
HOJA_EN,FS,51,PBA,Partido Frente Amplio,205,3
HOJA_EN,FS,51,PBA,Partido Frente Amplio,567,1
HOJA_EN,FS,51,PBA,Partido Frente Amplio,800,2
HOJA_EN,FS,51,PBA,Partido Frente Amplio,890,3
HOJA_EN,FS,51,PBA,Partido Frente Amplio,971,5
HOJA_EN,FS,51,PBA,Partido Frente Amplio,982,1
HOJA_EN,FS,51,PBA,Partido Frente Amplio,1618,2
HOJA_EN,FS,51,PBA,Partido Frente Amplio,1810,31
HOJA_EN,FS,51,PBA,Partido Frente Amplio,1968,1
HOJA_EN,FS,51,PBA,Partido Frente Amplio,90609,25
HOJA_EN,FS,51,PBA,Partido Frente Amplio,99000,2
HOJA_EN,FS,51,PBA,Partido Frente Amplio,13037373,5
HOJA_EN,FS,51,PBA,Partido Frente Amplio,212137764,10
HOJA_EN,FS,52,PBA,Partido Frente Amplio,49,5
HOJA_EN,FS,52,PBA,Partido Frente Amplio,205,1
HOJA_EN,FS,52,PBA,Partido Frente Amplio,711,9
HOJA_EN,FS,52,PBA,Partido Frente Amplio,800,7
HOJA_EN,FS,52,PBA,Partido Frente Amplio,890,4
HOJA_EN,FS,52,PBA,Partido Frente Amplio,971,13
HOJA_EN,FS,52,PBA,Partido Frente Amplio,982,4
HOJA_EN,FS,52,PBA,Partido Frente Amplio,1618,1
HOJA_EN,FS,52,PBA,Partido Frente Amplio,1810,40
HOJA_EN,FS,52,PBA,Partido Frente Amplio,1968,1
HOJA_EN,FS,52,PBA,Partido Frente Amplio,90609,26
HOJA_EN,FS,52,PBA,Partido Frente Amplio,13037373,5
HOJA_EN,FS,52,PBA,Partido Frente Amplio,33115005,5
HOJA_EN,FS,52,PBA,Partido Frente Amplio,212137764,7
HOJA_EN,FS,53,PBA,Partido Frente Amplio,205,3
HOJA_EN,FS,53,PBA,Partido Frente Amplio,567,1
HOJA_EN,FS,53,PBA,Partido Frente Amplio,711,6
HOJA_EN,FS,53,PBA,Partido Frente Amplio,800,11
HOJA_EN,FS,53,PBA,Partido Frente Amplio,871,2
HOJA_EN,FS,53,PBA,Partido Frente Amplio,890,13
HOJA_EN,FS,53,PBA,Partido Frente Amplio,971,10
HOJA_EN,FS,53,PBA,Partido Frente Amplio,982,4
HOJA_EN,FS,53,PBA,Partido Frente Amplio,1618,1
HOJA_EN,FS,53,PBA,Partido Frente Amplio,1810,25
HOJA_EN,FS,53,PBA,Partido Frente Amplio,1968,1
HOJA_EN,FS,53,PBA,Partido Frente Amplio,90609,16
HOJA_EN,FS,53,PBA,Partido Frente Amplio,13037373,6
HOJA_EN,FS,53,PBA,Partido Frente Amplio,33115005,4
HOJA_EN,FS,53,PBA,Partido Frente Amplio,212137764,18
HOJA_EN,FS,54,PBA,Partido Frente Amplio,49,1
HOJA_EN,FS,54,PBA,Partido Frente Amplio,205,2
HOJA_EN,FS,54,PBA,Partido Frente Amplio,567,1
HOJA_EN,FS,54,PBA,Partido Frente Amplio,711,3
HOJA_EN,FS,54,PBA,Partido Frente Amplio,800,2
HOJA_EN,FS,54,PBA,Partido Frente Amplio,890,7
HOJA_EN,FS,54,PBA,Partido Frente Amplio,971,5
HOJA_EN,FS,54,PBA,Partido Frente Amplio,982,3
HOJA_EN,FS,54,PBA,Partido Frente Amplio,1618,1
HOJA_EN,FS,54,PBA,Partido Frente Amplio,1810,31
HOJA_EN,FS,54,PBA,Partido Frente Amplio,1968,1
HOJA_EN,FS,54,PBA,Partido Frente Amplio,90609,32
HOJA_EN,FS,54,PBA,Partido Frente Amplio,99000,2
HOJA_EN,FS,54,PBA,Partido Frente Amplio,13037373,8
HOJA_EN,FS,54,PBA,Partido Frente Amplio,33115005,7
HOJA_EN,FS,54,PBA,Partido Frente Amplio,212137764,11
HOJA_EN,FS,55,PBB,Partido Frente Amplio,205,1
HOJA_EN,FS,55,PBB,Partido Frente Amplio,711,1
HOJA_EN,FS,55,PBB,Partido Frente Amplio,982,2
HOJA_EN,FS,55,PBB,Partido Frente Amplio,1810,6
HOJA_EN,FS,55,PBB,Partido Frente Amplio,90609,5
HOJA_EN,FS,55,PBB,Partido Frente Amplio,99000,1
HOJA_EN,FS,55,PBB,Partido Frente Amplio,212137764,5
HOJA_EN,FS,56,PBC,Partido Frente Amplio,711,2
HOJA_EN,FS,56,PBC,Partido Frente Amplio,890,3
HOJA_EN,FS,56,PBC,Partido Frente Amplio,971,1
HOJA_EN,FS,56,PBC,Partido Frente Amplio,1810,4
HOJA_EN,FS,56,PBC,Partido Frente Amplio,1968,2
HOJA_EN,FS,56,PBC,Partido Frente Amplio,90609,8
HOJA_EN,FS,56,PBC,Partido Frente Amplio,212137764,3
HOJA_EN,FS,57,PBD,Partido Frente Amplio,711,2
HOJA_EN,FS,57,PBD,Partido Frente Amplio,871,1
HOJA_EN,FS,57,PBD,Partido Frente Amplio,890,3
HOJA_EN,FS,57,PBD,Partido Frente Amplio,1810,21
HOJA_EN,FS,57,PBD,Partido Frente Amplio,90609,14
HOJA_EN,FS,57,PBD,Partido Frente Amplio,99000,2
HOJA_EN,FS,57,PBD,Partido Frente Amplio,212137764,1
HOJA_EN,FS,58,PBD,Partido Frente Amplio,49,1
HOJA_EN,FS,58,PBD,Partido Frente Amplio,800,3
HOJA_EN,FS,58,PBD,Partido Frente Amplio,890,9
HOJA_EN,FS,58,PBD,Partido Frente Amplio,1810,16
HOJA_EN,FS,58,PBD,Partido Frente Amplio,8008,1
HOJA_EN,FS,58,PBD,Partido Frente Amplio,90609,24
HOJA_EN,FS,58,PBD,Partido Frente Amplio,99000,1
HOJA_EN,FS,58,PBD,Partido Frente Amplio,13037373,2
HOJA_EN,FS,59,PBD,Partido Frente Amplio,49,1
HOJA_EN,FS,59,PBD,Partido Frente Amplio,205,2
HOJA_EN,FS,59,PBD,Partido Frente Amplio,711,1
HOJA_EN,FS,59,PBD,Partido Frente Amplio,800,3
HOJA_EN,FS,59,PBD,Partido Frente Amplio,890,1
HOJA_EN,FS,59,PBD,Partido Frente Amplio,1810,17
HOJA_EN,FS,59,PBD,Partido Frente Amplio,8008,1
HOJA_EN,FS,59,PBD,Partido Frente Amplio,90609,21
HOJA_EN,FS,59,PBD,Partido Frente Amplio,99000,1
HOJA_EN,FS,59,PBD,Partido Frente Amplio,33115005,1
HOJA_EN,FS,59,PBD,Partido Frente Amplio,212137764,3
HOJA_EN,FS,60,PBD,Partido Frente Amplio,800,2
HOJA_EN,FS,60,PBD,Partido Frente Amplio,871,3
HOJA_EN,FS,60,PBD,Partido Frente Amplio,890,2
HOJA_EN,FS,60,PBD,Partido Frente Amplio,1810,24
HOJA_EN,FS,60,PBD,Partido Frente Amplio,8008,1
HOJA_EN,FS,60,PBD,Partido Frente Amplio,90609,24
HOJA_EN,FS,60,PBD,Partido Frente Amplio,99000,1
HOJA_EN,FS,60,PBD,Partido Frente Amplio,13037373,1
HOJA_EN,FS,60,PBD,Partido Frente Amplio,33115005,4
HOJA_EN,FS,60,PBD,Partido Frente Amplio,212137764,3
HOJA_EN,FS,61,PCA PCB,Partido Frente Amplio,711,6
HOJA_EN,FS,61,PCA PCB,Partido Frente Amplio,800,2
HOJA_EN,FS,61,PCA PCB,Partido Frente Amplio,871,1
HOJA_EN,FS,61,PCA PCB,Partido Frente Amplio,890,1
HOJA_EN,FS,61,PCA PCB,Partido Frente Amplio,982,1
HOJA_EN,FS,61,PCA PCB,Partido Frente Amplio,1810,10
HOJA_EN,FS,61,PCA PCB,Partido Frente Amplio,90609,2
HOJA_EN,FS,61,PCA PCB,Partido Frente Amplio,13037373,1
HOJA_EN,FS,61,PCA PCB,Partido Frente Amplio,33115005,2
HOJA_EN,FS,61,PCA PCB,Partido Frente Amplio,212137764,4
HOJA_EN,FS,62,PCC,Partido Frente Amplio,49,1
HOJA_EN,FS,62,PCC,Partido Frente Amplio,90609,1
HOJA_EN,FS,63,PCD,Partido Frente Amplio,890,1
HOJA_EN,FS,64,PCE,Partido Frente Amplio,212137764,1
HOJA_EN,FS,65,PCF,Partido Frente Amplio,49,1
HOJA_EN,FS,65,PCF,Partido Frente Amplio,1810,8
HOJA_EN,FS,65,PCF,Partido Frente Amplio,1968,1
HOJA_EN,FS,65,PCF,Partido Frente Amplio,90609,5
HOJA_EN,FS,65,PCF,Partido Frente Amplio,99000,1
HOJA_EN,FS,65,PCF,Partido Frente Amplio,212137764,3
HOJA_EN,FS,9001,PZZ,Partido Frente Amplio,205,3
HOJA_EN,FS,9001,PZZ,Partido Frente Amplio,711,1
HOJA_EN,FS,9001,PZZ,Partido Frente Amplio,800,1
HOJA_EN,FS,9001,PZZ,Partido Frente Amplio,890,2
HOJA_EN,FS,9001,PZZ,Partido Frente Amplio,971,4
HOJA_EN,FS,9001,PZZ,Partido Frente Amplio,982,7
HOJA_EN,FS,9001,PZZ,Partido Frente Amplio,1618,2
HOJA_EN,FS,9001,PZZ,Partido Frente Amplio,1810,12
HOJA_EN,FS,9001,PZZ,Partido Frente Amplio,8008,2
HOJA_EN,FS,9001,PZZ,Partido Frente Amplio,90609,11
HOJA_EN,FS,9001,PZZ,Partido Frente Amplio,13037373,3
HOJA_EN,FS,9001,PZZ,Partido Frente Amplio,212137764,7
HOJA_EN,FS,1,PAA,Partido Nacional,9,1
HOJA_EN,FS,1,PAA,Partido Nacional,404,95
HOJA_EN,FS,1,PAA,Partido Nacional,880,14
HOJA_EN,FS,1,PAA,Partido Nacional,904,15
HOJA_EN,FS,1,PAA,Partido Nacional,2004,9
HOJA_EN,FS,1,PAA,Partido Nacional,20880,5
HOJA_EN,FS,1,PAA,Partido Nacional,51880,11
HOJA_EN,FS,2,PAA,Partido Nacional,9,2
HOJA_EN,FS,2,PAA,Partido Nacional,404,98
HOJA_EN,FS,2,PAA,Partido Nacional,880,11
HOJA_EN,FS,2,PAA,Partido Nacional,904,13
HOJA_EN,FS,2,PAA,Partido Nacional,1252,3
HOJA_EN,FS,2,PAA,Partido Nacional,2004,20
HOJA_EN,FS,2,PAA,Partido Nacional,20880,3
HOJA_EN,FS,2,PAA,Partido Nacional,51880,13
HOJA_EN,FS,3,PAA,Partido Nacional,9,1
HOJA_EN,FS,3,PAA,Partido Nacional,404,85
HOJA_EN,FS,3,PAA,Partido Nacional,880,16
HOJA_EN,FS,3,PAA,Partido Nacional,904,14
HOJA_EN,FS,3,PAA,Partido Nacional,1252,3
HOJA_EN,FS,3,PAA,Partido Nacional,2004,13
HOJA_EN,FS,3,PAA,Partido Nacional,20880,3
HOJA_EN,FS,3,PAA,Partido Nacional,51880,5
HOJA_EN,FS,4,PAA,Partido Nacional,9,4
HOJA_EN,FS,4,PAA,Partido Nacional,404,73
HOJA_EN,FS,4,PAA,Partido Nacional,880,17
HOJA_EN,FS,4,PAA,Partido Nacional,904,14
HOJA_EN,FS,4,PAA,Partido Nacional,2004,17
HOJA_EN,FS,4,PAA,Partido Nacional,20880,6
HOJA_EN,FS,4,PAA,Partido Nacional,51880,5
HOJA_EN,FS,5,PAA,Partido Nacional,9,4
HOJA_EN,FS,5,PAA,Partido Nacional,404,78
HOJA_EN,FS,5,PAA,Partido Nacional,880,14
HOJA_EN,FS,5,PAA,Partido Nacional,904,13
HOJA_EN,FS,5,PAA,Partido Nacional,1252,1
HOJA_EN,FS,5,PAA,Partido Nacional,2004,16
HOJA_EN,FS,5,PAA,Partido Nacional,20880,9
HOJA_EN,FS,5,PAA,Partido Nacional,51880,11
HOJA_EN,FS,6,PAA,Partido Nacional,9,4
HOJA_EN,FS,6,PAA,Partido Nacional,404,76
HOJA_EN,FS,6,PAA,Partido Nacional,880,9
HOJA_EN,FS,6,PAA,Partido Nacional,904,15
HOJA_EN,FS,6,PAA,Partido Nacional,2004,14
HOJA_EN,FS,6,PAA,Partido Nacional,20880,9
HOJA_EN,FS,6,PAA,Partido Nacional,51880,5
HOJA_EN,FS,7,PAA,Partido Nacional,9,2
HOJA_EN,FS,7,PAA,Partido Nacional,404,71
HOJA_EN,FS,7,PAA,Partido Nacional,880,9
HOJA_EN,FS,7,PAA,Partido Nacional,904,14
HOJA_EN,FS,7,PAA,Partido Nacional,2004,14
HOJA_EN,FS,7,PAA,Partido Nacional,20880,2
HOJA_EN,FS,7,PAA,Partido Nacional,51880,3
HOJA_EN,FS,8,PAA,Partido Nacional,9,2
HOJA_EN,FS,8,PAA,Partido Nacional,404,77
HOJA_EN,FS,8,PAA,Partido Nacional,880,8
HOJA_EN,FS,8,PAA,Partido Nacional,904,7
HOJA_EN,FS,8,PAA,Partido Nacional,2004,15
HOJA_EN,FS,8,PAA,Partido Nacional,20880,4
HOJA_EN,FS,8,PAA,Partido Nacional,51880,12
HOJA_EN,FS,9,PAA,Partido Nacional,9,9
HOJA_EN,FS,9,PAA,Partido Nacional,404,66
HOJA_EN,FS,9,PAA,Partido Nacional,880,12
HOJA_EN,FS,9,PAA,Partido Nacional,904,21
HOJA_EN,FS,9,PAA,Partido Nacional,1252,1
HOJA_EN,FS,9,PAA,Partido Nacional,2004,17
HOJA_EN,FS,9,PAA,Partido Nacional,20880,3
HOJA_EN,FS,9,PAA,Partido Nacional,51880,3
HOJA_EN,FS,10,PAA,Partido Nacional,9,2
HOJA_EN,FS,10,PAA,Partido Nacional,404,62
HOJA_EN,FS,10,PAA,Partido Nacional,880,7
HOJA_EN,FS,10,PAA,Partido Nacional,904,20
HOJA_EN,FS,10,PAA,Partido Nacional,2004,11
HOJA_EN,FS,10,PAA,Partido Nacional,20880,6
HOJA_EN,FS,10,PAA,Partido Nacional,51880,7
HOJA_EN,FS,11,PAA,Partido Nacional,9,5
HOJA_EN,FS,11,PAA,Partido Nacional,404,64
HOJA_EN,FS,11,PAA,Partido Nacional,880,10
HOJA_EN,FS,11,PAA,Partido Nacional,904,12
HOJA_EN,FS,11,PAA,Partido Nacional,2004,11
HOJA_EN,FS,11,PAA,Partido Nacional,20880,6
HOJA_EN,FS,11,PAA,Partido Nacional,51880,10
HOJA_EN,FS,12,PAA,Partido Nacional,9,6
HOJA_EN,FS,12,PAA,Partido Nacional,404,55
HOJA_EN,FS,12,PAA,Partido Nacional,880,12
HOJA_EN,FS,12,PAA,Partido Nacional,904,19
HOJA_EN,FS,12,PAA,Partido Nacional,1252,1
HOJA_EN,FS,12,PAA,Partido Nacional,2004,20
HOJA_EN,FS,12,PAA,Partido Nacional,20880,5
HOJA_EN,FS,12,PAA,Partido Nacional,51880,5
HOJA_EN,FS,13,PAA,Partido Nacional,9,9
HOJA_EN,FS,13,PAA,Partido Nacional,404,60
HOJA_EN,FS,13,PAA,Partido Nacional,880,12
HOJA_EN,FS,13,PAA,Partido Nacional,904,5
HOJA_EN,FS,13,PAA,Partido Nacional,2004,9
HOJA_EN,FS,13,PAA,Partido Nacional,20880,9
HOJA_EN,FS,13,PAA,Partido Nacional,51880,3
HOJA_EN,FS,14,PAA,Partido Nacional,9,4
HOJA_EN,FS,14,PAA,Partido Nacional,404,60
HOJA_EN,FS,14,PAA,Partido Nacional,880,4
HOJA_EN,FS,14,PAA,Partido Nacional,904,13
HOJA_EN,FS,14,PAA,Partido Nacional,1252,3
HOJA_EN,FS,14,PAA,Partido Nacional,2004,8
HOJA_EN,FS,14,PAA,Partido Nacional,20880,7
HOJA_EN,FS,14,PAA,Partido Nacional,51880,6
HOJA_EN,FS,15,PAA,Partido Nacional,9,6
HOJA_EN,FS,15,PAA,Partido Nacional,404,60
HOJA_EN,FS,15,PAA,Partido Nacional,880,5
HOJA_EN,FS,15,PAA,Partido Nacional,904,11
HOJA_EN,FS,15,PAA,Partido Nacional,2004,15
HOJA_EN,FS,15,PAA,Partido Nacional,20880,8
HOJA_EN,FS,15,PAA,Partido Nacional,51880,3
HOJA_EN,FS,16,PAA,Partido Nacional,9,8
HOJA_EN,FS,16,PAA,Partido Nacional,404,58
HOJA_EN,FS,16,PAA,Partido Nacional,880,11
HOJA_EN,FS,16,PAA,Partido Nacional,904,13
HOJA_EN,FS,16,PAA,Partido Nacional,2004,8
HOJA_EN,FS,16,PAA,Partido Nacional,20880,7
HOJA_EN,FS,16,PAA,Partido Nacional,51880,9
HOJA_EN,FS,17,PAA,Partido Nacional,9,1
HOJA_EN,FS,17,PAA,Partido Nacional,404,66
HOJA_EN,FS,17,PAA,Partido Nacional,880,8
HOJA_EN,FS,17,PAA,Partido Nacional,904,8
HOJA_EN,FS,17,PAA,Partido Nacional,2004,8
HOJA_EN,FS,17,PAA,Partido Nacional,20880,6
HOJA_EN,FS,17,PAA,Partido Nacional,51880,7
HOJA_EN,FS,18,PAA,Partido Nacional,9,4
HOJA_EN,FS,18,PAA,Partido Nacional,404,77
HOJA_EN,FS,18,PAA,Partido Nacional,880,8
HOJA_EN,FS,18,PAA,Partido Nacional,904,8
HOJA_EN,FS,18,PAA,Partido Nacional,1252,4
HOJA_EN,FS,18,PAA,Partido Nacional,2004,9
HOJA_EN,FS,18,PAA,Partido Nacional,20880,7
HOJA_EN,FS,18,PAA,Partido Nacional,51880,3
HOJA_EN,FS,19,PAA,Partido Nacional,9,2
HOJA_EN,FS,19,PAA,Partido Nacional,404,54
HOJA_EN,FS,19,PAA,Partido Nacional,880,10
HOJA_EN,FS,19,PAA,Partido Nacional,904,12
HOJA_EN,FS,19,PAA,Partido Nacional,2004,5
HOJA_EN,FS,19,PAA,Partido Nacional,20880,7
HOJA_EN,FS,19,PAA,Partido Nacional,51880,7
HOJA_EN,FS,20,PAA,Partido Nacional,9,7
HOJA_EN,FS,20,PAA,Partido Nacional,404,65
HOJA_EN,FS,20,PAA,Partido Nacional,880,10
HOJA_EN,FS,20,PAA,Partido Nacional,904,6
HOJA_EN,FS,20,PAA,Partido Nacional,1252,2
HOJA_EN,FS,20,PAA,Partido Nacional,2004,8
HOJA_EN,FS,20,PAA,Partido Nacional,20880,5
HOJA_EN,FS,20,PAA,Partido Nacional,51880,15
HOJA_EN,FS,21,PAA,Partido Nacional,9,2
HOJA_EN,FS,21,PAA,Partido Nacional,404,43
HOJA_EN,FS,21,PAA,Partido Nacional,880,8
HOJA_EN,FS,21,PAA,Partido Nacional,904,3
HOJA_EN,FS,21,PAA,Partido Nacional,1252,3
HOJA_EN,FS,21,PAA,Partido Nacional,2004,13
HOJA_EN,FS,21,PAA,Partido Nacional,20880,6
HOJA_EN,FS,21,PAA,Partido Nacional,51880,9
HOJA_EN,FS,22,PAA,Partido Nacional,9,10
HOJA_EN,FS,22,PAA,Partido Nacional,404,48
HOJA_EN,FS,22,PAA,Partido Nacional,880,10
HOJA_EN,FS,22,PAA,Partido Nacional,904,12
HOJA_EN,FS,22,PAA,Partido Nacional,1252,1
HOJA_EN,FS,22,PAA,Partido Nacional,2004,8
HOJA_EN,FS,22,PAA,Partido Nacional,20880,3
HOJA_EN,FS,22,PAA,Partido Nacional,51880,7
HOJA_EN,FS,23,PAA,Partido Nacional,9,3
HOJA_EN,FS,23,PAA,Partido Nacional,404,62
HOJA_EN,FS,23,PAA,Partido Nacional,880,7
HOJA_EN,FS,23,PAA,Partido Nacional,904,7
HOJA_EN,FS,23,PAA,Partido Nacional,1252,1
HOJA_EN,FS,23,PAA,Partido Nacional,2004,14
HOJA_EN,FS,23,PAA,Partido Nacional,20880,5
HOJA_EN,FS,23,PAA,Partido Nacional,51880,4
HOJA_EN,FS,24,PAB,Partido Nacional,404,6
HOJA_EN,FS,24,PAB,Partido Nacional,880,2
HOJA_EN,FS,24,PAB,Partido Nacional,904,2
HOJA_EN,FS,24,PAB,Partido Nacional,2004,3
HOJA_EN,FS,25,PAC,Partido Nacional,9,11
HOJA_EN,FS,25,PAC,Partido Nacional,404,81
HOJA_EN,FS,25,PAC,Partido Nacional,880,8
HOJA_EN,FS,25,PAC,Partido Nacional,904,10
HOJA_EN,FS,25,PAC,Partido Nacional,2004,3
HOJA_EN,FS,25,PAC,Partido Nacional,20880,6
HOJA_EN,FS,25,PAC,Partido Nacional,51880,8
HOJA_EN,FS,26,PAD,Partido Nacional,404,10
HOJA_EN,FS,27,PBA,Partido Nacional,9,1
HOJA_EN,FS,27,PBA,Partido Nacional,404,81
HOJA_EN,FS,27,PBA,Partido Nacional,880,10
HOJA_EN,FS,27,PBA,Partido Nacional,904,15
HOJA_EN,FS,27,PBA,Partido Nacional,2004,23
HOJA_EN,FS,27,PBA,Partido Nacional,20880,1
HOJA_EN,FS,27,PBA,Partido Nacional,51880,17
HOJA_EN,FS,28,PBA,Partido Nacional,9,1
HOJA_EN,FS,28,PBA,Partido Nacional,404,83
HOJA_EN,FS,28,PBA,Partido Nacional,880,13
HOJA_EN,FS,28,PBA,Partido Nacional,904,17
HOJA_EN,FS,28,PBA,Partido Nacional,2004,21
HOJA_EN,FS,28,PBA,Partido Nacional,20880,8
HOJA_EN,FS,28,PBA,Partido Nacional,51880,7
HOJA_EN,FS,29,PBA,Partido Nacional,9,1
HOJA_EN,FS,29,PBA,Partido Nacional,404,89
HOJA_EN,FS,29,PBA,Partido Nacional,880,14
HOJA_EN,FS,29,PBA,Partido Nacional,904,21
HOJA_EN,FS,29,PBA,Partido Nacional,2004,21
HOJA_EN,FS,29,PBA,Partido Nacional,20880,3
HOJA_EN,FS,29,PBA,Partido Nacional,51880,11
HOJA_EN,FS,30,PBA,Partido Nacional,9,2
HOJA_EN,FS,30,PBA,Partido Nacional,404,107
HOJA_EN,FS,30,PBA,Partido Nacional,880,15
HOJA_EN,FS,30,PBA,Partido Nacional,904,10
HOJA_EN,FS,30,PBA,Partido Nacional,1252,1
HOJA_EN,FS,30,PBA,Partido Nacional,2004,19
HOJA_EN,FS,30,PBA,Partido Nacional,20880,2
HOJA_EN,FS,30,PBA,Partido Nacional,51880,10
HOJA_EN,FS,31,PBA,Partido Nacional,9,3
HOJA_EN,FS,31,PBA,Partido Nacional,404,85
HOJA_EN,FS,31,PBA,Partido Nacional,880,17
HOJA_EN,FS,31,PBA,Partido Nacional,904,18
HOJA_EN,FS,31,PBA,Partido Nacional,1252,3
HOJA_EN,FS,31,PBA,Partido Nacional,2004,24
HOJA_EN,FS,31,PBA,Partido Nacional,20880,3
HOJA_EN,FS,31,PBA,Partido Nacional,51880,15
HOJA_EN,FS,32,PBA,Partido Nacional,9,6
HOJA_EN,FS,32,PBA,Partido Nacional,404,81
HOJA_EN,FS,32,PBA,Partido Nacional,880,17
HOJA_EN,FS,32,PBA,Partido Nacional,904,17
HOJA_EN,FS,32,PBA,Partido Nacional,2004,15
HOJA_EN,FS,32,PBA,Partido Nacional,20880,3
HOJA_EN,FS,32,PBA,Partido Nacional,51880,8
HOJA_EN,FS,33,PBA,Partido Nacional,9,1
HOJA_EN,FS,33,PBA,Partido Nacional,404,91
HOJA_EN,FS,33,PBA,Partido Nacional,880,13
HOJA_EN,FS,33,PBA,Partido Nacional,904,22
HOJA_EN,FS,33,PBA,Partido Nacional,2004,13
HOJA_EN,FS,33,PBA,Partido Nacional,20880,2
HOJA_EN,FS,33,PBA,Partido Nacional,51880,2
HOJA_EN,FS,34,PBA,Partido Nacional,9,4
HOJA_EN,FS,34,PBA,Partido Nacional,404,81
HOJA_EN,FS,34,PBA,Partido Nacional,880,12
HOJA_EN,FS,34,PBA,Partido Nacional,904,14
HOJA_EN,FS,34,PBA,Partido Nacional,2004,23
HOJA_EN,FS,34,PBA,Partido Nacional,20880,3
HOJA_EN,FS,34,PBA,Partido Nacional,51880,7
HOJA_EN,FS,35,PBA,Partido Nacional,9,5
HOJA_EN,FS,35,PBA,Partido Nacional,404,94
HOJA_EN,FS,35,PBA,Partido Nacional,880,12
HOJA_EN,FS,35,PBA,Partido Nacional,904,11
HOJA_EN,FS,35,PBA,Partido Nacional,1252,1
HOJA_EN,FS,35,PBA,Partido Nacional,2004,15
HOJA_EN,FS,35,PBA,Partido Nacional,20880,4
HOJA_EN,FS,35,PBA,Partido Nacional,51880,4
HOJA_EN,FS,36,PBA,Partido Nacional,9,6
HOJA_EN,FS,36,PBA,Partido Nacional,404,72
HOJA_EN,FS,36,PBA,Partido Nacional,880,14
HOJA_EN,FS,36,PBA,Partido Nacional,904,13
HOJA_EN,FS,36,PBA,Partido Nacional,1252,1
HOJA_EN,FS,36,PBA,Partido Nacional,2004,12
HOJA_EN,FS,36,PBA,Partido Nacional,20880,3
HOJA_EN,FS,36,PBA,Partido Nacional,51880,9
HOJA_EN,FS,37,PBA,Partido Nacional,9,3
HOJA_EN,FS,37,PBA,Partido Nacional,404,61
HOJA_EN,FS,37,PBA,Partido Nacional,880,9
HOJA_EN,FS,37,PBA,Partido Nacional,904,19
HOJA_EN,FS,37,PBA,Partido Nacional,1252,2
HOJA_EN,FS,37,PBA,Partido Nacional,2004,14
HOJA_EN,FS,37,PBA,Partido Nacional,20880,3
HOJA_EN,FS,37,PBA,Partido Nacional,51880,7
HOJA_EN,FS,38,PBA,Partido Nacional,9,5
HOJA_EN,FS,38,PBA,Partido Nacional,404,65
HOJA_EN,FS,38,PBA,Partido Nacional,880,8
HOJA_EN,FS,38,PBA,Partido Nacional,904,17
HOJA_EN,FS,38,PBA,Partido Nacional,1252,1
HOJA_EN,FS,38,PBA,Partido Nacional,2004,9
HOJA_EN,FS,38,PBA,Partido Nacional,20880,6
HOJA_EN,FS,38,PBA,Partido Nacional,51880,7
HOJA_EN,FS,39,PBA,Partido Nacional,9,2
HOJA_EN,FS,39,PBA,Partido Nacional,404,66
HOJA_EN,FS,39,PBA,Partido Nacional,880,10
HOJA_EN,FS,39,PBA,Partido Nacional,904,17
HOJA_EN,FS,39,PBA,Partido Nacional,2004,18
HOJA_EN,FS,39,PBA,Partido Nacional,20880,7
HOJA_EN,FS,39,PBA,Partido Nacional,51880,14
HOJA_EN,FS,40,PBA,Partido Nacional,9,6
HOJA_EN,FS,40,PBA,Partido Nacional,404,68
HOJA_EN,FS,40,PBA,Partido Nacional,880,6
HOJA_EN,FS,40,PBA,Partido Nacional,904,19
HOJA_EN,FS,40,PBA,Partido Nacional,2004,11
HOJA_EN,FS,40,PBA,Partido Nacional,20880,1
HOJA_EN,FS,40,PBA,Partido Nacional,51880,2
HOJA_EN,FS,41,PBA,Partido Nacional,9,6
HOJA_EN,FS,41,PBA,Partido Nacional,404,66
HOJA_EN,FS,41,PBA,Partido Nacional,880,10
HOJA_EN,FS,41,PBA,Partido Nacional,904,19
HOJA_EN,FS,41,PBA,Partido Nacional,2004,8
HOJA_EN,FS,41,PBA,Partido Nacional,20880,6
HOJA_EN,FS,41,PBA,Partido Nacional,51880,2
HOJA_EN,FS,42,PBA,Partido Nacional,9,4
HOJA_EN,FS,42,PBA,Partido Nacional,404,59
HOJA_EN,FS,42,PBA,Partido Nacional,880,10
HOJA_EN,FS,42,PBA,Partido Nacional,904,11
HOJA_EN,FS,42,PBA,Partido Nacional,1252,2
HOJA_EN,FS,42,PBA,Partido Nacional,2004,13
HOJA_EN,FS,42,PBA,Partido Nacional,20880,4
HOJA_EN,FS,42,PBA,Partido Nacional,51880,3
HOJA_EN,FS,43,PBA,Partido Nacional,9,6
HOJA_EN,FS,43,PBA,Partido Nacional,404,59
HOJA_EN,FS,43,PBA,Partido Nacional,880,7
HOJA_EN,FS,43,PBA,Partido Nacional,904,21
HOJA_EN,FS,43,PBA,Partido Nacional,2004,9
HOJA_EN,FS,43,PBA,Partido Nacional,20880,2
HOJA_EN,FS,43,PBA,Partido Nacional,51880,10
HOJA_EN,FS,44,PBA,Partido Nacional,9,6
HOJA_EN,FS,44,PBA,Partido Nacional,404,58
HOJA_EN,FS,44,PBA,Partido Nacional,880,4
HOJA_EN,FS,44,PBA,Partido Nacional,904,9
HOJA_EN,FS,44,PBA,Partido Nacional,2004,18
HOJA_EN,FS,44,PBA,Partido Nacional,20880,2
HOJA_EN,FS,44,PBA,Partido Nacional,51880,2
HOJA_EN,FS,45,PBA,Partido Nacional,9,2
HOJA_EN,FS,45,PBA,Partido Nacional,404,55
HOJA_EN,FS,45,PBA,Partido Nacional,880,13
HOJA_EN,FS,45,PBA,Partido Nacional,904,15
HOJA_EN,FS,45,PBA,Partido Nacional,1252,2
HOJA_EN,FS,45,PBA,Partido Nacional,2004,14
HOJA_EN,FS,45,PBA,Partido Nacional,20880,4
HOJA_EN,FS,45,PBA,Partido Nacional,51880,7
HOJA_EN,FS,46,PBA,Partido Nacional,9,7
HOJA_EN,FS,46,PBA,Partido Nacional,404,67
HOJA_EN,FS,46,PBA,Partido Nacional,880,13
HOJA_EN,FS,46,PBA,Partido Nacional,904,4
HOJA_EN,FS,46,PBA,Partido Nacional,1252,3
HOJA_EN,FS,46,PBA,Partido Nacional,2004,13
HOJA_EN,FS,46,PBA,Partido Nacional,20880,4
HOJA_EN,FS,46,PBA,Partido Nacional,51880,3
HOJA_EN,FS,47,PBA,Partido Nacional,9,1
HOJA_EN,FS,47,PBA,Partido Nacional,404,58
HOJA_EN,FS,47,PBA,Partido Nacional,880,9
HOJA_EN,FS,47,PBA,Partido Nacional,904,10
HOJA_EN,FS,47,PBA,Partido Nacional,2004,8
HOJA_EN,FS,47,PBA,Partido Nacional,20880,9
HOJA_EN,FS,47,PBA,Partido Nacional,51880,4
HOJA_EN,FS,48,PBA,Partido Nacional,9,4
HOJA_EN,FS,48,PBA,Partido Nacional,404,63
HOJA_EN,FS,48,PBA,Partido Nacional,880,3
HOJA_EN,FS,48,PBA,Partido Nacional,904,22
HOJA_EN,FS,48,PBA,Partido Nacional,1252,3
HOJA_EN,FS,48,PBA,Partido Nacional,2004,10
HOJA_EN,FS,48,PBA,Partido Nacional,20880,2
HOJA_EN,FS,48,PBA,Partido Nacional,51880,9
HOJA_EN,FS,49,PBA,Partido Nacional,9,9
HOJA_EN,FS,49,PBA,Partido Nacional,404,54
HOJA_EN,FS,49,PBA,Partido Nacional,880,6
HOJA_EN,FS,49,PBA,Partido Nacional,904,9
HOJA_EN,FS,49,PBA,Partido Nacional,2004,10
HOJA_EN,FS,49,PBA,Partido Nacional,20880,7
HOJA_EN,FS,49,PBA,Partido Nacional,51880,8
HOJA_EN,FS,50,PBA,Partido Nacional,9,6
HOJA_EN,FS,50,PBA,Partido Nacional,404,48
HOJA_EN,FS,50,PBA,Partido Nacional,880,8
HOJA_EN,FS,50,PBA,Partido Nacional,904,10
HOJA_EN,FS,50,PBA,Partido Nacional,2004,13
HOJA_EN,FS,50,PBA,Partido Nacional,20880,4
HOJA_EN,FS,50,PBA,Partido Nacional,51880,12
HOJA_EN,FS,51,PBA,Partido Nacional,9,3
HOJA_EN,FS,51,PBA,Partido Nacional,404,68
HOJA_EN,FS,51,PBA,Partido Nacional,880,8
HOJA_EN,FS,51,PBA,Partido Nacional,904,17
HOJA_EN,FS,51,PBA,Partido Nacional,1252,2
HOJA_EN,FS,51,PBA,Partido Nacional,2004,8
HOJA_EN,FS,51,PBA,Partido Nacional,20880,2
HOJA_EN,FS,51,PBA,Partido Nacional,51880,5
HOJA_EN,FS,52,PBA,Partido Nacional,9,5
HOJA_EN,FS,52,PBA,Partido Nacional,404,45
HOJA_EN,FS,52,PBA,Partido Nacional,880,7
HOJA_EN,FS,52,PBA,Partido Nacional,904,10
HOJA_EN,FS,52,PBA,Partido Nacional,1252,1
HOJA_EN,FS,52,PBA,Partido Nacional,2004,11
HOJA_EN,FS,52,PBA,Partido Nacional,20880,3
HOJA_EN,FS,52,PBA,Partido Nacional,51880,3
HOJA_EN,FS,53,PBA,Partido Nacional,9,7
HOJA_EN,FS,53,PBA,Partido Nacional,404,48
HOJA_EN,FS,53,PBA,Partido Nacional,880,13
HOJA_EN,FS,53,PBA,Partido Nacional,904,9
HOJA_EN,FS,53,PBA,Partido Nacional,1252,4
HOJA_EN,FS,53,PBA,Partido Nacional,2004,6
HOJA_EN,FS,53,PBA,Partido Nacional,20880,8
HOJA_EN,FS,53,PBA,Partido Nacional,51880,11
HOJA_EN,FS,54,PBA,Partido Nacional,9,2
HOJA_EN,FS,54,PBA,Partido Nacional,404,75
HOJA_EN,FS,54,PBA,Partido Nacional,880,6
HOJA_EN,FS,54,PBA,Partido Nacional,904,11
HOJA_EN,FS,54,PBA,Partido Nacional,1252,1
HOJA_EN,FS,54,PBA,Partido Nacional,2004,10
HOJA_EN,FS,54,PBA,Partido Nacional,20880,2
HOJA_EN,FS,54,PBA,Partido Nacional,51880,4
HOJA_EN,FS,55,PBB,Partido Nacional,9,1
HOJA_EN,FS,55,PBB,Partido Nacional,404,16
HOJA_EN,FS,55,PBB,Partido Nacional,1252,1
HOJA_EN,FS,55,PBB,Partido Nacional,2004,15
HOJA_EN,FS,55,PBB,Partido Nacional,20880,4
HOJA_EN,FS,56,PBC,Partido Nacional,9,1
HOJA_EN,FS,56,PBC,Partido Nacional,404,48
HOJA_EN,FS,56,PBC,Partido Nacional,880,5
HOJA_EN,FS,56,PBC,Partido Nacional,904,4
HOJA_EN,FS,56,PBC,Partido Nacional,2004,20
HOJA_EN,FS,56,PBC,Partido Nacional,20880,3
HOJA_EN,FS,56,PBC,Partido Nacional,51880,8
HOJA_EN,FS,57,PBD,Partido Nacional,404,39
HOJA_EN,FS,57,PBD,Partido Nacional,880,4
HOJA_EN,FS,57,PBD,Partido Nacional,904,13
HOJA_EN,FS,57,PBD,Partido Nacional,1252,1
HOJA_EN,FS,57,PBD,Partido Nacional,2004,63
HOJA_EN,FS,57,PBD,Partido Nacional,20880,2
HOJA_EN,FS,57,PBD,Partido Nacional,51880,4
HOJA_EN,FS,58,PBD,Partido Nacional,9,3
HOJA_EN,FS,58,PBD,Partido Nacional,404,55
HOJA_EN,FS,58,PBD,Partido Nacional,880,2
HOJA_EN,FS,58,PBD,Partido Nacional,904,14
HOJA_EN,FS,58,PBD,Partido Nacional,1252,1
HOJA_EN,FS,58,PBD,Partido Nacional,2004,52
HOJA_EN,FS,58,PBD,Partido Nacional,20880,4
HOJA_EN,FS,58,PBD,Partido Nacional,51880,2
HOJA_EN,FS,59,PBD,Partido Nacional,404,31
HOJA_EN,FS,59,PBD,Partido Nacional,880,3
HOJA_EN,FS,59,PBD,Partido Nacional,904,10
HOJA_EN,FS,59,PBD,Partido Nacional,1252,1
HOJA_EN,FS,59,PBD,Partido Nacional,2004,65
HOJA_EN,FS,59,PBD,Partido Nacional,51880,3
HOJA_EN,FS,60,PBD,Partido Nacional,404,33
HOJA_EN,FS,60,PBD,Partido Nacional,880,4
HOJA_EN,FS,60,PBD,Partido Nacional,904,10
HOJA_EN,FS,60,PBD,Partido Nacional,2004,61
HOJA_EN,FS,60,PBD,Partido Nacional,51880,1
HOJA_EN,FS,61,PCA PCB,Partido Nacional,404,33
HOJA_EN,FS,61,PCA PCB,Partido Nacional,880,4
HOJA_EN,FS,61,PCA PCB,Partido Nacional,904,11
HOJA_EN,FS,61,PCA PCB,Partido Nacional,2004,7
HOJA_EN,FS,61,PCA PCB,Partido Nacional,20880,2
HOJA_EN,FS,62,PCC,Partido Nacional,9,2
HOJA_EN,FS,62,PCC,Partido Nacional,404,5
HOJA_EN,FS,62,PCC,Partido Nacional,904,6
HOJA_EN,FS,62,PCC,Partido Nacional,2004,9
HOJA_EN,FS,62,PCC,Partido Nacional,51880,1
HOJA_EN,FS,63,PCD,Partido Nacional,2004,1
HOJA_EN,FS,64,PCE,Partido Nacional,404,7
HOJA_EN,FS,64,PCE,Partido Nacional,904,1
HOJA_EN,FS,64,PCE,Partido Nacional,2004,1
HOJA_EN,FS,65,PCF,Partido Nacional,9,1
HOJA_EN,FS,65,PCF,Partido Nacional,404,30
HOJA_EN,FS,65,PCF,Partido Nacional,880,4
HOJA_EN,FS,65,PCF,Partido Nacional,904,2
HOJA_EN,FS,65,PCF,Partido Nacional,2004,4
HOJA_EN,FS,65,PCF,Partido Nacional,51880,4
HOJA_EN,FS,9001,PZZ,Partido Nacional,9,2
HOJA_EN,FS,9001,PZZ,Partido Nacional,404,46
HOJA_EN,FS,9001,PZZ,Partido Nacional,880,2
HOJA_EN,FS,9001,PZZ,Partido Nacional,904,10
HOJA_EN,FS,9001,PZZ,Partido Nacional,1252,2
HOJA_EN,FS,9001,PZZ,Partido Nacional,2004,8
HOJA_EN,FS,9001,PZZ,Partido Nacional,20880,1
HOJA_EN,FS,9001,PZZ,Partido Nacional,51880,3
HOJA_EN,FS,1,PAA,Partido Colorado,15,35
HOJA_EN,FS,1,PAA,Partido Colorado,600,24
HOJA_EN,FS,1,PAA,Partido Colorado,2000,4
HOJA_EN,FS,1,PAA,Partido Colorado,20002000,11
HOJA_EN,FS,2,PAA,Partido Colorado,15,32
HOJA_EN,FS,2,PAA,Partido Colorado,600,31
HOJA_EN,FS,2,PAA,Partido Colorado,2000,2
HOJA_EN,FS,2,PAA,Partido Colorado,20002000,16
HOJA_EN,FS,3,PAA,Partido Colorado,15,36
HOJA_EN,FS,3,PAA,Partido Colorado,600,20
HOJA_EN,FS,3,PAA,Partido Colorado,2000,5
HOJA_EN,FS,3,PAA,Partido Colorado,336633,1
HOJA_EN,FS,3,PAA,Partido Colorado,20002000,16
HOJA_EN,FS,4,PAA,Partido Colorado,15,35
HOJA_EN,FS,4,PAA,Partido Colorado,600,29
HOJA_EN,FS,4,PAA,Partido Colorado,2000,2
HOJA_EN,FS,4,PAA,Partido Colorado,20002000,8
HOJA_EN,FS,5,PAA,Partido Colorado,15,26
HOJA_EN,FS,5,PAA,Partido Colorado,600,37
HOJA_EN,FS,5,PAA,Partido Colorado,2000,1
HOJA_EN,FS,5,PAA,Partido Colorado,20002000,10
HOJA_EN,FS,6,PAA,Partido Colorado,15,26
HOJA_EN,FS,6,PAA,Partido Colorado,600,27
HOJA_EN,FS,6,PAA,Partido Colorado,2000,3
HOJA_EN,FS,6,PAA,Partido Colorado,336633,2
HOJA_EN,FS,6,PAA,Partido Colorado,20002000,10
HOJA_EN,FS,7,PAA,Partido Colorado,15,19
HOJA_EN,FS,7,PAA,Partido Colorado,600,34
HOJA_EN,FS,7,PAA,Partido Colorado,2000,5
HOJA_EN,FS,7,PAA,Partido Colorado,336633,1
HOJA_EN,FS,7,PAA,Partido Colorado,20002000,8
HOJA_EN,FS,8,PAA,Partido Colorado,15,32
HOJA_EN,FS,8,PAA,Partido Colorado,600,23
HOJA_EN,FS,8,PAA,Partido Colorado,2000,5
HOJA_EN,FS,8,PAA,Partido Colorado,20002000,9
HOJA_EN,FS,9,PAA,Partido Colorado,15,17
HOJA_EN,FS,9,PAA,Partido Colorado,600,42
HOJA_EN,FS,9,PAA,Partido Colorado,2000,1
HOJA_EN,FS,9,PAA,Partido Colorado,20002000,8
HOJA_EN,FS,10,PAA,Partido Colorado,15,24
HOJA_EN,FS,10,PAA,Partido Colorado,600,30
HOJA_EN,FS,10,PAA,Partido Colorado,2000,1
HOJA_EN,FS,10,PAA,Partido Colorado,20002000,8
HOJA_EN,FS,11,PAA,Partido Colorado,15,22
HOJA_EN,FS,11,PAA,Partido Colorado,600,32
HOJA_EN,FS,11,PAA,Partido Colorado,2000,6
HOJA_EN,FS,11,PAA,Partido Colorado,20002000,12
HOJA_EN,FS,12,PAA,Partido Colorado,15,19
HOJA_EN,FS,12,PAA,Partido Colorado,600,30
HOJA_EN,FS,12,PAA,Partido Colorado,2000,2
HOJA_EN,FS,12,PAA,Partido Colorado,20002000,14
HOJA_EN,FS,13,PAA,Partido Colorado,15,23
HOJA_EN,FS,13,PAA,Partido Colorado,600,28
HOJA_EN,FS,13,PAA,Partido Colorado,2000,1
HOJA_EN,FS,13,PAA,Partido Colorado,20002000,2
HOJA_EN,FS,14,PAA,Partido Colorado,15,13
HOJA_EN,FS,14,PAA,Partido Colorado,600,32
HOJA_EN,FS,14,PAA,Partido Colorado,20002000,10
HOJA_EN,FS,15,PAA,Partido Colorado,15,29
HOJA_EN,FS,15,PAA,Partido Colorado,600,30
HOJA_EN,FS,15,PAA,Partido Colorado,2000,3
HOJA_EN,FS,15,PAA,Partido Colorado,20002000,7
HOJA_EN,FS,16,PAA,Partido Colorado,15,16
HOJA_EN,FS,16,PAA,Partido Colorado,600,29
HOJA_EN,FS,16,PAA,Partido Colorado,2000,3
HOJA_EN,FS,16,PAA,Partido Colorado,20002000,9
HOJA_EN,FS,17,PAA,Partido Colorado,15,26
HOJA_EN,FS,17,PAA,Partido Colorado,600,24
HOJA_EN,FS,17,PAA,Partido Colorado,2000,8
HOJA_EN,FS,17,PAA,Partido Colorado,9007,1
HOJA_EN,FS,17,PAA,Partido Colorado,20002000,7
HOJA_EN,FS,18,PAA,Partido Colorado,15,31
HOJA_EN,FS,18,PAA,Partido Colorado,600,26
HOJA_EN,FS,18,PAA,Partido Colorado,2000,6
HOJA_EN,FS,18,PAA,Partido Colorado,20002000,7
HOJA_EN,FS,19,PAA,Partido Colorado,15,24
HOJA_EN,FS,19,PAA,Partido Colorado,600,39
HOJA_EN,FS,19,PAA,Partido Colorado,2000,4
HOJA_EN,FS,19,PAA,Partido Colorado,20002000,6
HOJA_EN,FS,20,PAA,Partido Colorado,15,28
HOJA_EN,FS,20,PAA,Partido Colorado,600,33
HOJA_EN,FS,20,PAA,Partido Colorado,20002000,4
HOJA_EN,FS,21,PAA,Partido Colorado,15,23
HOJA_EN,FS,21,PAA,Partido Colorado,600,41
HOJA_EN,FS,21,PAA,Partido Colorado,2000,1
HOJA_EN,FS,21,PAA,Partido Colorado,20002000,4
HOJA_EN,FS,22,PAA,Partido Colorado,15,17
HOJA_EN,FS,22,PAA,Partido Colorado,600,43
HOJA_EN,FS,22,PAA,Partido Colorado,2000,2
HOJA_EN,FS,22,PAA,Partido Colorado,20002000,6
HOJA_EN,FS,23,PAA,Partido Colorado,15,22
HOJA_EN,FS,23,PAA,Partido Colorado,600,62
HOJA_EN,FS,23,PAA,Partido Colorado,2000,1
HOJA_EN,FS,23,PAA,Partido Colorado,336633,1
HOJA_EN,FS,23,PAA,Partido Colorado,20002000,2
HOJA_EN,FS,24,PAB,Partido Colorado,15,2
HOJA_EN,FS,24,PAB,Partido Colorado,600,5
HOJA_EN,FS,25,PAC,Partido Colorado,15,13
HOJA_EN,FS,25,PAC,Partido Colorado,600,28
HOJA_EN,FS,25,PAC,Partido Colorado,2000,1
HOJA_EN,FS,25,PAC,Partido Colorado,20002000,4
HOJA_EN,FS,27,PBA,Partido Colorado,15,32
HOJA_EN,FS,27,PBA,Partido Colorado,600,21
HOJA_EN,FS,27,PBA,Partido Colorado,2000,2
HOJA_EN,FS,27,PBA,Partido Colorado,336633,1
HOJA_EN,FS,27,PBA,Partido Colorado,20002000,13
HOJA_EN,FS,28,PBA,Partido Colorado,15,34
HOJA_EN,FS,28,PBA,Partido Colorado,600,18
HOJA_EN,FS,28,PBA,Partido Colorado,20002000,25
HOJA_EN,FS,29,PBA,Partido Colorado,15,22
HOJA_EN,FS,29,PBA,Partido Colorado,600,25
HOJA_EN,FS,29,PBA,Partido Colorado,2000,3
HOJA_EN,FS,29,PBA,Partido Colorado,20002000,22
HOJA_EN,FS,30,PBA,Partido Colorado,15,36
HOJA_EN,FS,30,PBA,Partido Colorado,600,25
HOJA_EN,FS,30,PBA,Partido Colorado,2000,1
HOJA_EN,FS,30,PBA,Partido Colorado,20002000,14
HOJA_EN,FS,31,PBA,Partido Colorado,15,25
HOJA_EN,FS,31,PBA,Partido Colorado,600,29
HOJA_EN,FS,31,PBA,Partido Colorado,2000,2
HOJA_EN,FS,31,PBA,Partido Colorado,20002000,15
HOJA_EN,FS,32,PBA,Partido Colorado,15,33
HOJA_EN,FS,32,PBA,Partido Colorado,600,29
HOJA_EN,FS,32,PBA,Partido Colorado,20002000,16
HOJA_EN,FS,33,PBA,Partido Colorado,15,22
HOJA_EN,FS,33,PBA,Partido Colorado,600,31
HOJA_EN,FS,33,PBA,Partido Colorado,20002000,15
HOJA_EN,FS,34,PBA,Partido Colorado,15,17
HOJA_EN,FS,34,PBA,Partido Colorado,600,32
HOJA_EN,FS,34,PBA,Partido Colorado,2000,1
HOJA_EN,FS,34,PBA,Partido Colorado,336633,1
HOJA_EN,FS,34,PBA,Partido Colorado,20002000,21
HOJA_EN,FS,35,PBA,Partido Colorado,15,16
HOJA_EN,FS,35,PBA,Partido Colorado,600,32
HOJA_EN,FS,35,PBA,Partido Colorado,336633,1
HOJA_EN,FS,35,PBA,Partido Colorado,20002000,9
HOJA_EN,FS,36,PBA,Partido Colorado,15,26
HOJA_EN,FS,36,PBA,Partido Colorado,600,33
HOJA_EN,FS,36,PBA,Partido Colorado,2000,1
HOJA_EN,FS,36,PBA,Partido Colorado,336633,1
HOJA_EN,FS,36,PBA,Partido Colorado,20002000,17
HOJA_EN,FS,37,PBA,Partido Colorado,15,19
HOJA_EN,FS,37,PBA,Partido Colorado,600,31
HOJA_EN,FS,37,PBA,Partido Colorado,20002000,17
HOJA_EN,FS,38,PBA,Partido Colorado,15,30
HOJA_EN,FS,38,PBA,Partido Colorado,600,42
HOJA_EN,FS,38,PBA,Partido Colorado,2000,3
HOJA_EN,FS,38,PBA,Partido Colorado,20002000,17
HOJA_EN,FS,39,PBA,Partido Colorado,15,21
HOJA_EN,FS,39,PBA,Partido Colorado,600,32
HOJA_EN,FS,39,PBA,Partido Colorado,2000,6
HOJA_EN,FS,39,PBA,Partido Colorado,20002000,15
HOJA_EN,FS,40,PBA,Partido Colorado,15,25
HOJA_EN,FS,40,PBA,Partido Colorado,600,32
HOJA_EN,FS,40,PBA,Partido Colorado,9007,1
HOJA_EN,FS,40,PBA,Partido Colorado,20002000,14
HOJA_EN,FS,41,PBA,Partido Colorado,15,18
HOJA_EN,FS,41,PBA,Partido Colorado,600,30
HOJA_EN,FS,41,PBA,Partido Colorado,2000,2
HOJA_EN,FS,41,PBA,Partido Colorado,336633,2
HOJA_EN,FS,41,PBA,Partido Colorado,20002000,12
HOJA_EN,FS,42,PBA,Partido Colorado,15,28
HOJA_EN,FS,42,PBA,Partido Colorado,600,25
HOJA_EN,FS,42,PBA,Partido Colorado,2000,1
HOJA_EN,FS,42,PBA,Partido Colorado,20002000,5
HOJA_EN,FS,43,PBA,Partido Colorado,15,27
HOJA_EN,FS,43,PBA,Partido Colorado,600,22
HOJA_EN,FS,43,PBA,Partido Colorado,2000,3
HOJA_EN,FS,43,PBA,Partido Colorado,20002000,7
HOJA_EN,FS,44,PBA,Partido Colorado,15,46
HOJA_EN,FS,44,PBA,Partido Colorado,600,31
HOJA_EN,FS,44,PBA,Partido Colorado,2000,3
HOJA_EN,FS,44,PBA,Partido Colorado,336633,1
HOJA_EN,FS,44,PBA,Partido Colorado,20002000,12
HOJA_EN,FS,45,PBA,Partido Colorado,15,43
HOJA_EN,FS,45,PBA,Partido Colorado,600,25
HOJA_EN,FS,45,PBA,Partido Colorado,2000,2
HOJA_EN,FS,45,PBA,Partido Colorado,336633,1
HOJA_EN,FS,45,PBA,Partido Colorado,20002000,5
HOJA_EN,FS,46,PBA,Partido Colorado,15,29
HOJA_EN,FS,46,PBA,Partido Colorado,600,25
HOJA_EN,FS,46,PBA,Partido Colorado,2000,1
HOJA_EN,FS,46,PBA,Partido Colorado,336633,1
HOJA_EN,FS,46,PBA,Partido Colorado,20002000,4
HOJA_EN,FS,47,PBA,Partido Colorado,15,24
HOJA_EN,FS,47,PBA,Partido Colorado,600,28
HOJA_EN,FS,47,PBA,Partido Colorado,2000,3
HOJA_EN,FS,47,PBA,Partido Colorado,336633,2
HOJA_EN,FS,47,PBA,Partido Colorado,20002000,15
HOJA_EN,FS,48,PBA,Partido Colorado,15,31
HOJA_EN,FS,48,PBA,Partido Colorado,600,36
HOJA_EN,FS,48,PBA,Partido Colorado,2000,6
HOJA_EN,FS,48,PBA,Partido Colorado,336633,2
HOJA_EN,FS,48,PBA,Partido Colorado,20002000,10
HOJA_EN,FS,49,PBA,Partido Colorado,15,18
HOJA_EN,FS,49,PBA,Partido Colorado,600,34
HOJA_EN,FS,49,PBA,Partido Colorado,2000,4
HOJA_EN,FS,49,PBA,Partido Colorado,20002000,4
HOJA_EN,FS,50,PBA,Partido Colorado,15,23
HOJA_EN,FS,50,PBA,Partido Colorado,600,42
HOJA_EN,FS,50,PBA,Partido Colorado,2000,5
HOJA_EN,FS,50,PBA,Partido Colorado,20002000,6
HOJA_EN,FS,51,PBA,Partido Colorado,15,32
HOJA_EN,FS,51,PBA,Partido Colorado,600,29
HOJA_EN,FS,51,PBA,Partido Colorado,2000,2
HOJA_EN,FS,51,PBA,Partido Colorado,20002000,13
HOJA_EN,FS,52,PBA,Partido Colorado,15,24
HOJA_EN,FS,52,PBA,Partido Colorado,600,46
HOJA_EN,FS,52,PBA,Partido Colorado,2000,6
HOJA_EN,FS,52,PBA,Partido Colorado,336633,1
HOJA_EN,FS,52,PBA,Partido Colorado,20002000,6
HOJA_EN,FS,53,PBA,Partido Colorado,15,20
HOJA_EN,FS,53,PBA,Partido Colorado,600,43
HOJA_EN,FS,53,PBA,Partido Colorado,2000,3
HOJA_EN,FS,53,PBA,Partido Colorado,20002000,9
HOJA_EN,FS,54,PBA,Partido Colorado,15,17
HOJA_EN,FS,54,PBA,Partido Colorado,600,48
HOJA_EN,FS,54,PBA,Partido Colorado,2000,4
HOJA_EN,FS,54,PBA,Partido Colorado,9007,1
HOJA_EN,FS,54,PBA,Partido Colorado,20002000,9
HOJA_EN,FS,55,PBB,Partido Colorado,15,6
HOJA_EN,FS,55,PBB,Partido Colorado,600,17
HOJA_EN,FS,55,PBB,Partido Colorado,20002000,5
HOJA_EN,FS,56,PBC,Partido Colorado,15,17
HOJA_EN,FS,56,PBC,Partido Colorado,600,34
HOJA_EN,FS,56,PBC,Partido Colorado,20002000,3
HOJA_EN,FS,57,PBD,Partido Colorado,15,24
HOJA_EN,FS,57,PBD,Partido Colorado,600,14
HOJA_EN,FS,57,PBD,Partido Colorado,20002000,9
HOJA_EN,FS,58,PBD,Partido Colorado,15,24
HOJA_EN,FS,58,PBD,Partido Colorado,600,8
HOJA_EN,FS,58,PBD,Partido Colorado,2000,1
HOJA_EN,FS,58,PBD,Partido Colorado,336633,1
HOJA_EN,FS,58,PBD,Partido Colorado,20002000,4
HOJA_EN,FS,59,PBD,Partido Colorado,15,16
HOJA_EN,FS,59,PBD,Partido Colorado,600,11
HOJA_EN,FS,59,PBD,Partido Colorado,2000,2
HOJA_EN,FS,59,PBD,Partido Colorado,20002000,1
HOJA_EN,FS,60,PBD,Partido Colorado,15,13
HOJA_EN,FS,60,PBD,Partido Colorado,600,10
HOJA_EN,FS,60,PBD,Partido Colorado,2000,4
HOJA_EN,FS,60,PBD,Partido Colorado,20002000,5
HOJA_EN,FS,61,PCA PCB,Partido Colorado,15,8
HOJA_EN,FS,61,PCA PCB,Partido Colorado,600,17
HOJA_EN,FS,61,PCA PCB,Partido Colorado,2000,3
HOJA_EN,FS,61,PCA PCB,Partido Colorado,20002000,6
HOJA_EN,FS,62,PCC,Partido Colorado,15,2
HOJA_EN,FS,62,PCC,Partido Colorado,20002000,1
HOJA_EN,FS,63,PCD,Partido Colorado,15,5
HOJA_EN,FS,63,PCD,Partido Colorado,600,1
HOJA_EN,FS,64,PCE,Partido Colorado,15,1
HOJA_EN,FS,64,PCE,Partido Colorado,600,1
HOJA_EN,FS,65,PCF,Partido Colorado,15,6
HOJA_EN,FS,65,PCF,Partido Colorado,600,3
HOJA_EN,FS,65,PCF,Partido Colorado,20002000,2
HOJA_EN,FS,9001,PZZ,Partido Colorado,15,21
HOJA_EN,FS,9001,PZZ,Partido Colorado,600,20
HOJA_EN,FS,9001,PZZ,Partido Colorado,2000,3
HOJA_EN,FS,9001,PZZ,Partido Colorado,20002000,5
HOJA_EN,FS,2,PAA,Partido Independiente,909,2
HOJA_EN,FS,2,PAA,Partido Independiente,9009,1
HOJA_EN,FS,4,PAA,Partido Independiente,909,3
HOJA_EN,FS,5,PAA,Partido Independiente,909,2
HOJA_EN,FS,6,PAA,Partido Independiente,909,1
HOJA_EN,FS,7,PAA,Partido Independiente,909,4
HOJA_EN,FS,7,PAA,Partido Independiente,9009,2
HOJA_EN,FS,8,PAA,Partido Independiente,9009,1
HOJA_EN,FS,9,PAA,Partido Independiente,909,4
HOJA_EN,FS,9,PAA,Partido Independiente,9009,1
HOJA_EN,FS,10,PAA,Partido Independiente,9009,1
HOJA_EN,FS,11,PAA,Partido Independiente,909,3
HOJA_EN,FS,12,PAA,Partido Independiente,909,1
HOJA_EN,FS,13,PAA,Partido Independiente,909,1
HOJA_EN,FS,14,PAA,Partido Independiente,909,1
HOJA_EN,FS,15,PAA,Partido Independiente,909,1
HOJA_EN,FS,16,PAA,Partido Independiente,9009,2
HOJA_EN,FS,17,PAA,Partido Independiente,909,1
HOJA_EN,FS,19,PAA,Partido Independiente,909,1
HOJA_EN,FS,20,PAA,Partido Independiente,909,1
HOJA_EN,FS,20,PAA,Partido Independiente,9009,1
HOJA_EN,FS,21,PAA,Partido Independiente,909,1
HOJA_EN,FS,21,PAA,Partido Independiente,9009,2
HOJA_EN,FS,23,PAA,Partido Independiente,909,2
HOJA_EN,FS,25,PAC,Partido Independiente,909,1
HOJA_EN,FS,27,PBA,Partido Independiente,9009,1
HOJA_EN,FS,28,PBA,Partido Independiente,909,2
HOJA_EN,FS,29,PBA,Partido Independiente,909,3
HOJA_EN,FS,30,PBA,Partido Independiente,909,1
HOJA_EN,FS,31,PBA,Partido Independiente,909,2
HOJA_EN,FS,32,PBA,Partido Independiente,909,1
HOJA_EN,FS,33,PBA,Partido Independiente,909,1
HOJA_EN,FS,34,PBA,Partido Independiente,909,2
HOJA_EN,FS,34,PBA,Partido Independiente,9009,1
HOJA_EN,FS,35,PBA,Partido Independiente,909,2
HOJA_EN,FS,36,PBA,Partido Independiente,909,4
HOJA_EN,FS,37,PBA,Partido Independiente,9009,1
HOJA_EN,FS,38,PBA,Partido Independiente,909,5
HOJA_EN,FS,39,PBA,Partido Independiente,909,1
HOJA_EN,FS,39,PBA,Partido Independiente,9009,1
HOJA_EN,FS,41,PBA,Partido Independiente,909,2
HOJA_EN,FS,41,PBA,Partido Independiente,9009,1
HOJA_EN,FS,42,PBA,Partido Independiente,909,3
HOJA_EN,FS,43,PBA,Partido Independiente,909,2
HOJA_EN,FS,44,PBA,Partido Independiente,909,2
HOJA_EN,FS,45,PBA,Partido Independiente,909,1
HOJA_EN,FS,47,PBA,Partido Independiente,909,2
HOJA_EN,FS,49,PBA,Partido Independiente,909,2
HOJA_EN,FS,51,PBA,Partido Independiente,909,3
HOJA_EN,FS,52,PBA,Partido Independiente,909,2
HOJA_EN,FS,52,PBA,Partido Independiente,9009,1
HOJA_EN,FS,53,PBA,Partido Independiente,909,5
HOJA_EN,FS,54,PBA,Partido Independiente,909,4
HOJA_EN,FS,54,PBA,Partido Independiente,9009,1
HOJA_EN,FS,55,PBB,Partido Independiente,9009,1
HOJA_EN,FS,58,PBD,Partido Independiente,909,1
HOJA_EN,FS,59,PBD,Partido Independiente,909,1
HOJA_EN,FS,60,PBD,Partido Independiente,909,1
HOJA_EN,FS,65,PCF,Partido Independiente,909,1
HOJA_EN,FS,9001,PZZ,Partido Independiente,909,1
HOJA_EN,FS,2,PAA,Partido Asamblea Popular,1969,2
HOJA_EN,FS,3,PAA,Partido Asamblea Popular,565,1
HOJA_EN,FS,4,PAA,Partido Asamblea Popular,565,1
HOJA_EN,FS,5,PAA,Partido Asamblea Popular,326,2
HOJA_EN,FS,5,PAA,Partido Asamblea Popular,565,1
HOJA_EN,FS,6,PAA,Partido Asamblea Popular,326,1
HOJA_EN,FS,6,PAA,Partido Asamblea Popular,1969,1
HOJA_EN,FS,7,PAA,Partido Asamblea Popular,565,1
HOJA_EN,FS,7,PAA,Partido Asamblea Popular,960,2
HOJA_EN,FS,9,PAA,Partido Asamblea Popular,565,1
HOJA_EN,FS,10,PAA,Partido Asamblea Popular,13013,1
HOJA_EN,FS,11,PAA,Partido Asamblea Popular,326,1
HOJA_EN,FS,13,PAA,Partido Asamblea Popular,326,4
HOJA_EN,FS,13,PAA,Partido Asamblea Popular,960,1
HOJA_EN,FS,14,PAA,Partido Asamblea Popular,326,1
HOJA_EN,FS,17,PAA,Partido Asamblea Popular,326,1
HOJA_EN,FS,17,PAA,Partido Asamblea Popular,565,1
HOJA_EN,FS,18,PAA,Partido Asamblea Popular,1969,1
HOJA_EN,FS,19,PAA,Partido Asamblea Popular,326,2
HOJA_EN,FS,19,PAA,Partido Asamblea Popular,960,1
HOJA_EN,FS,19,PAA,Partido Asamblea Popular,1969,1
HOJA_EN,FS,20,PAA,Partido Asamblea Popular,565,1
HOJA_EN,FS,21,PAA,Partido Asamblea Popular,565,2
HOJA_EN,FS,22,PAA,Partido Asamblea Popular,326,1
HOJA_EN,FS,23,PAA,Partido Asamblea Popular,326,1
HOJA_EN,FS,25,PAC,Partido Asamblea Popular,960,1
HOJA_EN,FS,29,PBA,Partido Asamblea Popular,326,1
HOJA_EN,FS,30,PBA,Partido Asamblea Popular,326,1
HOJA_EN,FS,30,PBA,Partido Asamblea Popular,960,1
HOJA_EN,FS,33,PBA,Partido Asamblea Popular,326,1
HOJA_EN,FS,34,PBA,Partido Asamblea Popular,326,2
HOJA_EN,FS,34,PBA,Partido Asamblea Popular,565,1
HOJA_EN,FS,35,PBA,Partido Asamblea Popular,326,1
HOJA_EN,FS,36,PBA,Partido Asamblea Popular,326,1
HOJA_EN,FS,37,PBA,Partido Asamblea Popular,326,1
HOJA_EN,FS,37,PBA,Partido Asamblea Popular,565,2
HOJA_EN,FS,39,PBA,Partido Asamblea Popular,326,2
HOJA_EN,FS,40,PBA,Partido Asamblea Popular,326,2
HOJA_EN,FS,40,PBA,Partido Asamblea Popular,565,1
HOJA_EN,FS,41,PBA,Partido Asamblea Popular,326,1
HOJA_EN,FS,42,PBA,Partido Asamblea Popular,326,3
HOJA_EN,FS,43,PBA,Partido Asamblea Popular,565,1
HOJA_EN,FS,44,PBA,Partido Asamblea Popular,326,1
HOJA_EN,FS,44,PBA,Partido Asamblea Popular,565,1
HOJA_EN,FS,46,PBA,Partido Asamblea Popular,326,1
HOJA_EN,FS,49,PBA,Partido Asamblea Popular,565,1
HOJA_EN,FS,49,PBA,Partido Asamblea Popular,1969,1
HOJA_EN,FS,50,PBA,Partido Asamblea Popular,1969,1
HOJA_EN,FS,51,PBA,Partido Asamblea Popular,960,1
HOJA_EN,FS,53,PBA,Partido Asamblea Popular,326,1
HOJA_EN,FS,54,PBA,Partido Asamblea Popular,960,1
HOJA_EN,FS,57,PBD,Partido Asamblea Popular,326,2
HOJA_EN,FS,9001,PZZ,Partido Asamblea Popular,1969,1
HOJA_EN,FS,6,PAA,Partido de los Trabajadores,1917,1
HOJA_EN,FS,18,PAA,Partido de los Trabajadores,1917,1
HOJA_EN,FS,19,PAA,Partido de los Trabajadores,1917,1
HOJA_EN,FS,23,PAA,Partido de los Trabajadores,1917,1
HOJA_EN,FS,35,PBA,Partido de los Trabajadores,1917,1
HOJA_EN,FS,37,PBA,Partido de los Trabajadores,1917,1
HOJA_EN,FS,39,PBA,Partido de los Trabajadores,1917,1
HOJA_EN,FS,1,PAA,Partido Ecologista Radical Intransigente,1330,1
HOJA_EN,FS,3,PAA,Partido Ecologista Radical Intransigente,1330,3
HOJA_EN,FS,4,PAA,Partido Ecologista Radical Intransigente,1330,1
HOJA_EN,FS,5,PAA,Partido Ecologista Radical Intransigente,696,1
HOJA_EN,FS,5,PAA,Partido Ecologista Radical Intransigente,1330,3
HOJA_EN,FS,6,PAA,Partido Ecologista Radical Intransigente,1330,2
HOJA_EN,FS,7,PAA,Partido Ecologista Radical Intransigente,1330,3
HOJA_EN,FS,8,PAA,Partido Ecologista Radical Intransigente,696,1
HOJA_EN,FS,8,PAA,Partido Ecologista Radical Intransigente,1330,1
HOJA_EN,FS,9,PAA,Partido Ecologista Radical Intransigente,1330,3
HOJA_EN,FS,10,PAA,Partido Ecologista Radical Intransigente,1330,6
HOJA_EN,FS,11,PAA,Partido Ecologista Radical Intransigente,1330,3
HOJA_EN,FS,13,PAA,Partido Ecologista Radical Intransigente,696,1
HOJA_EN,FS,13,PAA,Partido Ecologista Radical Intransigente,1330,3
HOJA_EN,FS,14,PAA,Partido Ecologista Radical Intransigente,1330,2
HOJA_EN,FS,15,PAA,Partido Ecologista Radical Intransigente,1330,3
HOJA_EN,FS,16,PAA,Partido Ecologista Radical Intransigente,1330,7
HOJA_EN,FS,17,PAA,Partido Ecologista Radical Intransigente,1330,1
HOJA_EN,FS,18,PAA,Partido Ecologista Radical Intransigente,696,1
HOJA_EN,FS,18,PAA,Partido Ecologista Radical Intransigente,1330,4
HOJA_EN,FS,19,PAA,Partido Ecologista Radical Intransigente,1330,3
HOJA_EN,FS,20,PAA,Partido Ecologista Radical Intransigente,1330,2
HOJA_EN,FS,21,PAA,Partido Ecologista Radical Intransigente,1330,1
HOJA_EN,FS,22,PAA,Partido Ecologista Radical Intransigente,696,1
HOJA_EN,FS,23,PAA,Partido Ecologista Radical Intransigente,1330,1
HOJA_EN,FS,25,PAC,Partido Ecologista Radical Intransigente,1330,1
HOJA_EN,FS,28,PBA,Partido Ecologista Radical Intransigente,1330,1
HOJA_EN,FS,29,PBA,Partido Ecologista Radical Intransigente,1330,1
HOJA_EN,FS,32,PBA,Partido Ecologista Radical Intransigente,1330,2
HOJA_EN,FS,33,PBA,Partido Ecologista Radical Intransigente,696,1
HOJA_EN,FS,33,PBA,Partido Ecologista Radical Intransigente,1330,4
HOJA_EN,FS,34,PBA,Partido Ecologista Radical Intransigente,1330,1
HOJA_EN,FS,35,PBA,Partido Ecologista Radical Intransigente,1330,3
HOJA_EN,FS,36,PBA,Partido Ecologista Radical Intransigente,1330,2
HOJA_EN,FS,37,PBA,Partido Ecologista Radical Intransigente,1330,1
HOJA_EN,FS,38,PBA,Partido Ecologista Radical Intransigente,1330,3
HOJA_EN,FS,39,PBA,Partido Ecologista Radical Intransigente,1330,2
HOJA_EN,FS,40,PBA,Partido Ecologista Radical Intransigente,696,1
HOJA_EN,FS,40,PBA,Partido Ecologista Radical Intransigente,1330,2
HOJA_EN,FS,41,PBA,Partido Ecologista Radical Intransigente,1330,3
HOJA_EN,FS,42,PBA,Partido Ecologista Radical Intransigente,1330,2
HOJA_EN,FS,43,PBA,Partido Ecologista Radical Intransigente,1330,1
HOJA_EN,FS,44,PBA,Partido Ecologista Radical Intransigente,696,1
HOJA_EN,FS,44,PBA,Partido Ecologista Radical Intransigente,1330,3
HOJA_EN,FS,45,PBA,Partido Ecologista Radical Intransigente,1330,2
HOJA_EN,FS,46,PBA,Partido Ecologista Radical Intransigente,1330,3
HOJA_EN,FS,47,PBA,Partido Ecologista Radical Intransigente,1330,9
HOJA_EN,FS,48,PBA,Partido Ecologista Radical Intransigente,1330,6
HOJA_EN,FS,49,PBA,Partido Ecologista Radical Intransigente,1330,3
HOJA_EN,FS,50,PBA,Partido Ecologista Radical Intransigente,696,1
HOJA_EN,FS,51,PBA,Partido Ecologista Radical Intransigente,696,1
HOJA_EN,FS,51,PBA,Partido Ecologista Radical Intransigente,1330,1
HOJA_EN,FS,53,PBA,Partido Ecologista Radical Intransigente,1330,1
HOJA_EN,FS,54,PBA,Partido Ecologista Radical Intransigente,1330,4
HOJA_EN,FS,57,PBD,Partido Ecologista Radical Intransigente,1330,4
HOJA_EN,FS,58,PBD,Partido Ecologista Radical Intransigente,1330,1
HOJA_EN,FS,59,PBD,Partido Ecologista Radical Intransigente,1330,2
HOJA_EN,FS,62,PCC,Partido Ecologista Radical Intransigente,1330,2
HOJA_EN,FS,2,PAA,Partido de la Gente,3000000,2
HOJA_EN,FS,4,PAA,Partido de la Gente,3000000,4
HOJA_EN,FS,5,PAA,Partido de la Gente,3000000,1
HOJA_EN,FS,6,PAA,Partido de la Gente,3000000,3
HOJA_EN,FS,7,PAA,Partido de la Gente,3000000,2
HOJA_EN,FS,8,PAA,Partido de la Gente,3000000,4
HOJA_EN,FS,9,PAA,Partido de la Gente,3000000,4
HOJA_EN,FS,10,PAA,Partido de la Gente,3000000,2
HOJA_EN,FS,11,PAA,Partido de la Gente,3000000,5
HOJA_EN,FS,12,PAA,Partido de la Gente,3000000,4
HOJA_EN,FS,13,PAA,Partido de la Gente,3000000,6
HOJA_EN,FS,14,PAA,Partido de la Gente,3000000,1
HOJA_EN,FS,15,PAA,Partido de la Gente,3000000,3
HOJA_EN,FS,16,PAA,Partido de la Gente,3000000,4
HOJA_EN,FS,17,PAA,Partido de la Gente,3000000,4
HOJA_EN,FS,18,PAA,Partido de la Gente,3000000,4
HOJA_EN,FS,19,PAA,Partido de la Gente,3000000,3
HOJA_EN,FS,20,PAA,Partido de la Gente,3000000,2
HOJA_EN,FS,21,PAA,Partido de la Gente,3000000,6
HOJA_EN,FS,22,PAA,Partido de la Gente,3000000,2
HOJA_EN,FS,23,PAA,Partido de la Gente,3000000,7
HOJA_EN,FS,25,PAC,Partido de la Gente,3000000,3
HOJA_EN,FS,28,PBA,Partido de la Gente,3000000,3
HOJA_EN,FS,30,PBA,Partido de la Gente,3000000,6
HOJA_EN,FS,31,PBA,Partido de la Gente,3000000,2
HOJA_EN,FS,32,PBA,Partido de la Gente,3000000,2
HOJA_EN,FS,33,PBA,Partido de la Gente,3000000,5
HOJA_EN,FS,34,PBA,Partido de la Gente,3000000,5
HOJA_EN,FS,35,PBA,Partido de la Gente,3000000,5
HOJA_EN,FS,36,PBA,Partido de la Gente,3000000,5
HOJA_EN,FS,37,PBA,Partido de la Gente,3000000,4
HOJA_EN,FS,38,PBA,Partido de la Gente,3000000,5
HOJA_EN,FS,39,PBA,Partido de la Gente,3000000,5
HOJA_EN,FS,40,PBA,Partido de la Gente,3000000,7
HOJA_EN,FS,41,PBA,Partido de la Gente,3000000,7
HOJA_EN,FS,42,PBA,Partido de la Gente,3000000,3
HOJA_EN,FS,43,PBA,Partido de la Gente,3000000,3
HOJA_EN,FS,44,PBA,Partido de la Gente,3000000,10
HOJA_EN,FS,45,PBA,Partido de la Gente,3000000,7
HOJA_EN,FS,46,PBA,Partido de la Gente,3000000,5
HOJA_EN,FS,47,PBA,Partido de la Gente,3000000,3
HOJA_EN,FS,48,PBA,Partido de la Gente,3000000,3
HOJA_EN,FS,49,PBA,Partido de la Gente,3000000,2
HOJA_EN,FS,50,PBA,Partido de la Gente,3000000,4
HOJA_EN,FS,51,PBA,Partido de la Gente,3000000,1
HOJA_EN,FS,52,PBA,Partido de la Gente,3000000,2
HOJA_EN,FS,53,PBA,Partido de la Gente,3000000,8
HOJA_EN,FS,54,PBA,Partido de la Gente,3000000,4
HOJA_EN,FS,56,PBC,Partido de la Gente,3000000,1
HOJA_EN,FS,57,PBD,Partido de la Gente,3000000,1
HOJA_EN,FS,58,PBD,Partido de la Gente,3000000,2
HOJA_EN,FS,59,PBD,Partido de la Gente,3000000,3
HOJA_EN,FS,60,PBD,Partido de la Gente,3000000,2
HOJA_EN,FS,61,PCA PCB,Partido de la Gente,3000000,3
HOJA_EN,FS,1,PAA,Partido Verde Animalista,409,1
HOJA_EN,FS,2,PAA,Partido Verde Animalista,409,1
HOJA_EN,FS,3,PAA,Partido Verde Animalista,409,1
HOJA_EN,FS,5,PAA,Partido Verde Animalista,409,1
HOJA_EN,FS,6,PAA,Partido Verde Animalista,409,2
HOJA_EN,FS,8,PAA,Partido Verde Animalista,409,1
HOJA_EN,FS,9,PAA,Partido Verde Animalista,409,2
HOJA_EN,FS,10,PAA,Partido Verde Animalista,409,1
HOJA_EN,FS,11,PAA,Partido Verde Animalista,409,2
HOJA_EN,FS,13,PAA,Partido Verde Animalista,409,3
HOJA_EN,FS,14,PAA,Partido Verde Animalista,409,2
HOJA_EN,FS,15,PAA,Partido Verde Animalista,409,2
HOJA_EN,FS,16,PAA,Partido Verde Animalista,409,3
HOJA_EN,FS,17,PAA,Partido Verde Animalista,409,2
HOJA_EN,FS,19,PAA,Partido Verde Animalista,409,2
HOJA_EN,FS,20,PAA,Partido Verde Animalista,409,3
HOJA_EN,FS,23,PAA,Partido Verde Animalista,409,2
HOJA_EN,FS,25,PAC,Partido Verde Animalista,409,1
HOJA_EN,FS,28,PBA,Partido Verde Animalista,409,1
HOJA_EN,FS,29,PBA,Partido Verde Animalista,409,1
HOJA_EN,FS,33,PBA,Partido Verde Animalista,409,1
HOJA_EN,FS,34,PBA,Partido Verde Animalista,409,2
HOJA_EN,FS,35,PBA,Partido Verde Animalista,409,1
HOJA_EN,FS,36,PBA,Partido Verde Animalista,409,1
HOJA_EN,FS,37,PBA,Partido Verde Animalista,409,1
HOJA_EN,FS,38,PBA,Partido Verde Animalista,409,1
HOJA_EN,FS,39,PBA,Partido Verde Animalista,409,1
HOJA_EN,FS,41,PBA,Partido Verde Animalista,409,2
HOJA_EN,FS,42,PBA,Partido Verde Animalista,409,2
HOJA_EN,FS,43,PBA,Partido Verde Animalista,409,1
HOJA_EN,FS,44,PBA,Partido Verde Animalista,409,5
HOJA_EN,FS,45,PBA,Partido Verde Animalista,409,1
HOJA_EN,FS,46,PBA,Partido Verde Animalista,409,3
HOJA_EN,FS,47,PBA,Partido Verde Animalista,409,2
HOJA_EN,FS,48,PBA,Partido Verde Animalista,409,2
HOJA_EN,FS,49,PBA,Partido Verde Animalista,409,1
HOJA_EN,FS,50,PBA,Partido Verde Animalista,409,2
HOJA_EN,FS,52,PBA,Partido Verde Animalista,409,2
HOJA_EN,FS,53,PBA,Partido Verde Animalista,409,2
HOJA_EN,FS,54,PBA,Partido Verde Animalista,409,1
HOJA_EN,FS,65,PCF,Partido Verde Animalista,409,1
HOJA_EN,FS,9001,PZZ,Partido Verde Animalista,409,2
HOJA_EN,FS,3,PAA,Partido Digital,78,1
HOJA_EN,FS,5,PAA,Partido Digital,78,1
HOJA_EN,FS,6,PAA,Partido Digital,78,2
HOJA_EN,FS,7,PAA,Partido Digital,78,1
HOJA_EN,FS,14,PAA,Partido Digital,78,1
HOJA_EN,FS,16,PAA,Partido Digital,78,1
HOJA_EN,FS,17,PAA,Partido Digital,78,2
HOJA_EN,FS,21,PAA,Partido Digital,78,2
HOJA_EN,FS,27,PBA,Partido Digital,78,1
HOJA_EN,FS,34,PBA,Partido Digital,78,2
HOJA_EN,FS,37,PBA,Partido Digital,78,2
HOJA_EN,FS,39,PBA,Partido Digital,78,1
HOJA_EN,FS,41,PBA,Partido Digital,78,2
HOJA_EN,FS,44,PBA,Partido Digital,78,1
HOJA_EN,FS,47,PBA,Partido Digital,78,2
HOJA_EN,FS,49,PBA,Partido Digital,78,1
HOJA_EN,FS,50,PBA,Partido Digital,78,5
HOJA_EN,FS,52,PBA,Partido Digital,78,3
HOJA_EN,FS,53,PBA,Partido Digital,78,1
HOJA_EN,FS,54,PBA,Partido Digital,78,2
HOJA_EN,FS,60,PBD,Partido Digital,78,2
HOJA_EN,FS,61,PCA PCB,Partido Digital,78,1
HOJA_EN,FS,9001,PZZ,Partido Digital,78,2
HOJA_EN,FS,1,PAA,Partido Cabildo Abierto,11820,24
HOJA_EN,FS,1,PAA,Partido Cabildo Abierto,21820,10
HOJA_EN,FS,2,PAA,Partido Cabildo Abierto,11820,29
HOJA_EN,FS,2,PAA,Partido Cabildo Abierto,21820,17
HOJA_EN,FS,3,PAA,Partido Cabildo Abierto,11820,32
HOJA_EN,FS,3,PAA,Partido Cabildo Abierto,21820,25
HOJA_EN,FS,4,PAA,Partido Cabildo Abierto,11820,50
HOJA_EN,FS,4,PAA,Partido Cabildo Abierto,21820,20
HOJA_EN,FS,5,PAA,Partido Cabildo Abierto,11820,27
HOJA_EN,FS,5,PAA,Partido Cabildo Abierto,21820,21
HOJA_EN,FS,6,PAA,Partido Cabildo Abierto,11820,30
HOJA_EN,FS,6,PAA,Partido Cabildo Abierto,21820,15
HOJA_EN,FS,7,PAA,Partido Cabildo Abierto,11820,24
HOJA_EN,FS,7,PAA,Partido Cabildo Abierto,21820,20
HOJA_EN,FS,8,PAA,Partido Cabildo Abierto,11820,32
HOJA_EN,FS,8,PAA,Partido Cabildo Abierto,21820,16
HOJA_EN,FS,9,PAA,Partido Cabildo Abierto,11820,35
HOJA_EN,FS,9,PAA,Partido Cabildo Abierto,21820,30
HOJA_EN,FS,10,PAA,Partido Cabildo Abierto,11820,30
HOJA_EN,FS,10,PAA,Partido Cabildo Abierto,21820,32
HOJA_EN,FS,11,PAA,Partido Cabildo Abierto,11820,29
HOJA_EN,FS,11,PAA,Partido Cabildo Abierto,21820,21
HOJA_EN,FS,12,PAA,Partido Cabildo Abierto,11820,35
HOJA_EN,FS,12,PAA,Partido Cabildo Abierto,21820,27
HOJA_EN,FS,13,PAA,Partido Cabildo Abierto,11820,19
HOJA_EN,FS,13,PAA,Partido Cabildo Abierto,21820,13
HOJA_EN,FS,14,PAA,Partido Cabildo Abierto,11820,47
HOJA_EN,FS,14,PAA,Partido Cabildo Abierto,21820,14
HOJA_EN,FS,15,PAA,Partido Cabildo Abierto,11820,23
HOJA_EN,FS,15,PAA,Partido Cabildo Abierto,21820,30
HOJA_EN,FS,16,PAA,Partido Cabildo Abierto,11820,27
HOJA_EN,FS,16,PAA,Partido Cabildo Abierto,21820,12
HOJA_EN,FS,17,PAA,Partido Cabildo Abierto,11820,34
HOJA_EN,FS,17,PAA,Partido Cabildo Abierto,21820,22
HOJA_EN,FS,18,PAA,Partido Cabildo Abierto,11820,22
HOJA_EN,FS,18,PAA,Partido Cabildo Abierto,21820,17
HOJA_EN,FS,19,PAA,Partido Cabildo Abierto,11820,22
HOJA_EN,FS,19,PAA,Partido Cabildo Abierto,21820,20
HOJA_EN,FS,20,PAA,Partido Cabildo Abierto,11820,26
HOJA_EN,FS,20,PAA,Partido Cabildo Abierto,21820,18
HOJA_EN,FS,21,PAA,Partido Cabildo Abierto,11820,37
HOJA_EN,FS,21,PAA,Partido Cabildo Abierto,21820,14
HOJA_EN,FS,22,PAA,Partido Cabildo Abierto,11820,43
HOJA_EN,FS,22,PAA,Partido Cabildo Abierto,21820,25
HOJA_EN,FS,23,PAA,Partido Cabildo Abierto,11820,21
HOJA_EN,FS,23,PAA,Partido Cabildo Abierto,21820,25
HOJA_EN,FS,24,PAB,Partido Cabildo Abierto,11820,3
HOJA_EN,FS,25,PAC,Partido Cabildo Abierto,11820,22
HOJA_EN,FS,25,PAC,Partido Cabildo Abierto,21820,12
HOJA_EN,FS,26,PAD,Partido Cabildo Abierto,11820,4
HOJA_EN,FS,27,PBA,Partido Cabildo Abierto,11820,20
HOJA_EN,FS,27,PBA,Partido Cabildo Abierto,21820,10
HOJA_EN,FS,28,PBA,Partido Cabildo Abierto,11820,30
HOJA_EN,FS,28,PBA,Partido Cabildo Abierto,21820,17
HOJA_EN,FS,29,PBA,Partido Cabildo Abierto,11820,36
HOJA_EN,FS,29,PBA,Partido Cabildo Abierto,21820,21
HOJA_EN,FS,30,PBA,Partido Cabildo Abierto,11820,31
HOJA_EN,FS,30,PBA,Partido Cabildo Abierto,21820,19
HOJA_EN,FS,31,PBA,Partido Cabildo Abierto,11820,40
HOJA_EN,FS,31,PBA,Partido Cabildo Abierto,21820,22
HOJA_EN,FS,32,PBA,Partido Cabildo Abierto,11820,37
HOJA_EN,FS,32,PBA,Partido Cabildo Abierto,21820,23
HOJA_EN,FS,33,PBA,Partido Cabildo Abierto,11820,37
HOJA_EN,FS,33,PBA,Partido Cabildo Abierto,21820,32
HOJA_EN,FS,34,PBA,Partido Cabildo Abierto,11820,28
HOJA_EN,FS,34,PBA,Partido Cabildo Abierto,21820,23
HOJA_EN,FS,35,PBA,Partido Cabildo Abierto,11820,39
HOJA_EN,FS,35,PBA,Partido Cabildo Abierto,21820,16
HOJA_EN,FS,36,PBA,Partido Cabildo Abierto,11820,35
HOJA_EN,FS,36,PBA,Partido Cabildo Abierto,21820,26
HOJA_EN,FS,37,PBA,Partido Cabildo Abierto,11820,37
HOJA_EN,FS,37,PBA,Partido Cabildo Abierto,21820,25
HOJA_EN,FS,38,PBA,Partido Cabildo Abierto,11820,28
HOJA_EN,FS,38,PBA,Partido Cabildo Abierto,21820,26
HOJA_EN,FS,39,PBA,Partido Cabildo Abierto,11820,23
HOJA_EN,FS,39,PBA,Partido Cabildo Abierto,21820,27
HOJA_EN,FS,40,PBA,Partido Cabildo Abierto,11820,25
HOJA_EN,FS,40,PBA,Partido Cabildo Abierto,21820,31
HOJA_EN,FS,41,PBA,Partido Cabildo Abierto,11820,37
HOJA_EN,FS,41,PBA,Partido Cabildo Abierto,21820,28
HOJA_EN,FS,42,PBA,Partido Cabildo Abierto,11820,25
HOJA_EN,FS,42,PBA,Partido Cabildo Abierto,21820,41
HOJA_EN,FS,43,PBA,Partido Cabildo Abierto,11820,33
HOJA_EN,FS,43,PBA,Partido Cabildo Abierto,21820,16
HOJA_EN,FS,44,PBA,Partido Cabildo Abierto,11820,30
HOJA_EN,FS,44,PBA,Partido Cabildo Abierto,21820,19
HOJA_EN,FS,45,PBA,Partido Cabildo Abierto,11820,19
HOJA_EN,FS,45,PBA,Partido Cabildo Abierto,21820,26
HOJA_EN,FS,46,PBA,Partido Cabildo Abierto,11820,16
HOJA_EN,FS,46,PBA,Partido Cabildo Abierto,21820,21
HOJA_EN,FS,47,PBA,Partido Cabildo Abierto,11820,43
HOJA_EN,FS,47,PBA,Partido Cabildo Abierto,21820,22
HOJA_EN,FS,48,PBA,Partido Cabildo Abierto,11820,19
HOJA_EN,FS,48,PBA,Partido Cabildo Abierto,21820,26
HOJA_EN,FS,49,PBA,Partido Cabildo Abierto,11820,28
HOJA_EN,FS,49,PBA,Partido Cabildo Abierto,21820,30
HOJA_EN,FS,50,PBA,Partido Cabildo Abierto,11820,32
HOJA_EN,FS,50,PBA,Partido Cabildo Abierto,21820,15
HOJA_EN,FS,51,PBA,Partido Cabildo Abierto,11820,40
HOJA_EN,FS,51,PBA,Partido Cabildo Abierto,21820,14
HOJA_EN,FS,52,PBA,Partido Cabildo Abierto,11820,17
HOJA_EN,FS,52,PBA,Partido Cabildo Abierto,21820,18
HOJA_EN,FS,53,PBA,Partido Cabildo Abierto,11820,23
HOJA_EN,FS,53,PBA,Partido Cabildo Abierto,21820,10
HOJA_EN,FS,54,PBA,Partido Cabildo Abierto,11820,14
HOJA_EN,FS,54,PBA,Partido Cabildo Abierto,21820,28
HOJA_EN,FS,55,PBB,Partido Cabildo Abierto,11820,5
HOJA_EN,FS,55,PBB,Partido Cabildo Abierto,21820,5
HOJA_EN,FS,56,PBC,Partido Cabildo Abierto,11820,11
HOJA_EN,FS,56,PBC,Partido Cabildo Abierto,21820,12
HOJA_EN,FS,57,PBD,Partido Cabildo Abierto,11820,7
HOJA_EN,FS,57,PBD,Partido Cabildo Abierto,21820,7
HOJA_EN,FS,58,PBD,Partido Cabildo Abierto,11820,8
HOJA_EN,FS,58,PBD,Partido Cabildo Abierto,21820,5
HOJA_EN,FS,59,PBD,Partido Cabildo Abierto,11820,7
HOJA_EN,FS,59,PBD,Partido Cabildo Abierto,21820,12
HOJA_EN,FS,60,PBD,Partido Cabildo Abierto,11820,3
HOJA_EN,FS,60,PBD,Partido Cabildo Abierto,21820,9
HOJA_EN,FS,61,PCA PCB,Partido Cabildo Abierto,11820,9
HOJA_EN,FS,61,PCA PCB,Partido Cabildo Abierto,21820,2
HOJA_EN,FS,62,PCC,Partido Cabildo Abierto,11820,1
HOJA_EN,FS,62,PCC,Partido Cabildo Abierto,21820,9
HOJA_EN,FS,63,PCD,Partido Cabildo Abierto,21820,5
HOJA_EN,FS,65,PCF,Partido Cabildo Abierto,11820,10
HOJA_EN,FS,65,PCF,Partido Cabildo Abierto,21820,13
HOJA_EN,FS,9001,PZZ,Partido Cabildo Abierto,11820,22
HOJA_EN,FS,9001,PZZ,Partido Cabildo Abierto,21820,37
VOTO_LEMA,FS,1,PAA,Partido Frente Amplio,49 971,1
VOTO_LEMA,FS,1,PAA,Partido Nacional,880 904,1
VOTO_LEMA,FS,2,PAA,Partido Colorado,600 20002000,1
VOTO_LEMA,FS,2,PAA,Partido Nacional,2004 904,1
VOTO_LEMA,FS,2,PAA,Partido Cabildo Abierto,11820 21820,1
VOTO_LEMA,FS,3,PAA,Partido Frente Amplio,890 1810-90609 33115005,2
VOTO_LEMA,FS,3,PAA,Partido Nacional,404 51880-1252 9,2
VOTO_LEMA,FS,4,PAA,Partido Frente Amplio,982 90609,1
VOTO_LEMA,FS,4,PAA,Partido Colorado,15 20002000,1
VOTO_LEMA,FS,4,PAA,Partido Nacional,2004 404,1
VOTO_LEMA,FS,5,PAA,Partido Nacional,20880 404-2004 404-404 904,3
VOTO_LEMA,FS,5,PAA,Partido Independiente,9009 909,1
VOTO_LEMA,FS,6,PAA,Partido Frente Amplio,13037373 971,1
VOTO_LEMA,FS,6,PAA,Partido Colorado,600 20002000,1
VOTO_LEMA,FS,6,PAA,Partido Nacional,404 2004-904 880-904 404-904 880,4
VOTO_LEMA,FS,7,PAA,Partido Frente Amplio,871 711,1
VOTO_LEMA,FS,7,PAA,Partido Nacional,2004 904-904 404-404 51880-1252 904-880 904-404 880-904 404,7
VOTO_LEMA,FS,7,PAA,Partido Asamblea Popular,326 960,1
VOTO_LEMA,FS,8,PAA,Partido Colorado,600 2000,1
VOTO_LEMA,FS,8,PAA,Partido Nacional,880 404-404 51880-404 904-904 9-404 904,5
VOTO_LEMA,FS,9,PAA,Partido Frente Amplio,13037373 90609,1
VOTO_LEMA,FS,9,PAA,Partido Colorado,600 20002000,1
VOTO_LEMA,FS,9,PAA,Partido Nacional,2004 904-880 51880,2
VOTO_LEMA,FS,9,PAA,Partido Independiente,909 9009,1
VOTO_LEMA,FS,10,PAA,Partido Frente Amplio,971 13037373,1
VOTO_LEMA,FS,10,PAA,Partido Nacional,904 20880,1
VOTO_LEMA,FS,10,PAA,Partido Cabildo Abierto,11820 21820,1
VOTO_LEMA,FS,11,PAA,Partido Colorado,2000 600,1
VOTO_LEMA,FS,11,PAA,Partido Cabildo Abierto,11820 21820-11820 21820-11820 21820,3
VOTO_LEMA,FS,12,PAA,Partido Nacional,20880 880-20880 904-904 404-2004 404-404 51880-2004 404,6
VOTO_LEMA,FS,13,PAA,Partido Frente Amplio,971 800,1
VOTO_LEMA,FS,13,PAA,Partido Colorado,15 600-15 2000,2
VOTO_LEMA,FS,13,PAA,Partido Nacional,404 904-904 880-904 404-20880 404-2004 880-9 20880,6
VOTO_LEMA,FS,14,PAA,Partido Frente Amplio,982 890-1810 971,2
VOTO_LEMA,FS,14,PAA,Partido Nacional,904 51880-904 404,2
VOTO_LEMA,FS,15,PAA,Partido Frente Amplio,1618 33115005-49 212137764,2
VOTO_LEMA,FS,15,PAA,Partido Colorado,15 600,1
VOTO_LEMA,FS,15,PAA,Partido Nacional,404 880-9 404,2
VOTO_LEMA,FS,15,PAA,Partido Cabildo Abierto,11820 21820,1
VOTO_LEMA,FS,16,PAA,Partido Frente Amplio,800 971,1
VOTO_LEMA,FS,16,PAA,Partido Nacional,904 404-9 404-904 404-51880 880-904 404,5
VOTO_LEMA,FS,16,PAA,Partido Cabildo Abierto,21820 11820,1
VOTO_LEMA,FS,17,PAA,Partido Frente Amplio,800 871 890-800 711-971 99000-212137764 890,4
VOTO_LEMA,FS,17,PAA,Partido Colorado,600 2000-15 20002000,2
VOTO_LEMA,FS,17,PAA,Partido Nacional,404 51880,1
VOTO_LEMA,FS,18,PAA,Partido Frente Amplio,890 1810-90609 890,2
VOTO_LEMA,FS,18,PAA,Partido Nacional,9 20880-904 404-51880 2004 9,3
VOTO_LEMA,FS,18,PAA,Partido Cabildo Abierto,21820 11820,1
VOTO_LEMA,FS,19,PAA,Partido Frente Amplio,90609 982-1810 90609-212137764 90609,3
VOTO_LEMA,FS,19,PAA,Partido Nacional,904 1252,1
VOTO_LEMA,FS,20,PAA,Partido Frente Amplio,33115005 890-90609 800,2
VOTO_LEMA,FS,20,PAA,Partido Colorado,20002000 15-2000 15,2
VOTO_LEMA,FS,20,PAA,Partido Nacional,904 20880,1
VOTO_LEMA,FS,21,PAA,Partido Frente Amplio,90609 871-800 971-971 90609,3
VOTO_LEMA,FS,21,PAA,Partido Nacional,404 904,1
VOTO_LEMA,FS,21,PAA,Partido Cabildo Abierto,11820 21820,1
VOTO_LEMA,FS,22,PAA,Partido Frente Amplio,33115005 971,1
VOTO_LEMA,FS,22,PAA,Partido Colorado,15 20002000,1
VOTO_LEMA,FS,22,PAA,Partido Nacional,404 880-880 9,2
VOTO_LEMA,FS,22,PAA,Partido Cabildo Abierto,11820 21820,1
VOTO_LEMA,FS,23,PAA,Partido Frente Amplio,800 971-49 800-90609 971,3
VOTO_LEMA,FS,23,PAA,Partido Nacional,9 904-404 904,2
VOTO_LEMA,FS,25,PAC,Partido Frente Amplio,971 800,1
VOTO_LEMA,FS,25,PAC,Partido Nacional,9 904,1
VOTO_LEMA,FS,25,PAC,Partido Independiente,9009 909,1
VOTO_LEMA,FS,27,PBA,Partido Independiente,909 9009,1
VOTO_LEMA,FS,28,PBA,Partido Frente Amplio,90609 212137764,1
VOTO_LEMA,FS,29,PBA,Partido Frente Amplio,971 90609,1
VOTO_LEMA,FS,29,PBA,Partido Nacional,904 404-880 404-2004 880,3
VOTO_LEMA,FS,30,PBA,Partido Nacional,2004 880-404 9-404 51880,3
VOTO_LEMA,FS,31,PBA,Partido Frente Amplio,1810 1968,1
VOTO_LEMA,FS,31,PBA,Partido Nacional,880 20880-1252 51880,2
VOTO_LEMA,FS,32,PBA,Partido Nacional,404 2004-404 51880-2004 880-2004 51880,4
VOTO_LEMA,FS,33,PBA,Partido Frente Amplio,49 711,1
VOTO_LEMA,FS,33,PBA,Partido Nacional,404 904-880 904-404 904-880 51880,4
VOTO_LEMA,FS,33,PBA,Partido Asamblea Popular,326 960,1
VOTO_LEMA,FS,33,PBA,Partido Cabildo Abierto,11820 21820,1
VOTO_LEMA,FS,34,PBA,Partido Frente Amplio,1968 99000,1
VOTO_LEMA,FS,34,PBA,Partido Nacional,9 2004-904 404-404 904-404 2004-904 404-404 904-404 904,7
VOTO_LEMA,FS,34,PBA,Partido Independiente,909 9009,1
VOTO_LEMA,FS,35,PBA,Partido Frente Amplio,890 971 90609 871 49-49 1968-971 13037373,3
VOTO_LEMA,FS,35,PBA,Partido Colorado,15 600-15 600,2
VOTO_LEMA,FS,35,PBA,Partido Nacional,404 904-51880 404-904 404-404 51880,4
VOTO_LEMA,FS,35,PBA,Partido Independiente,909 9009,1
VOTO_LEMA,FS,36,PBA,Partido Nacional,904 404,1
VOTO_LEMA,FS,37,PBA,Partido Frente Amplio,982 212137764,1
VOTO_LEMA,FS,37,PBA,Partido Colorado,600 20002000,1
VOTO_LEMA,FS,37,PBA,Partido Nacional,904 404-20880 404-1252 20880-404 904-880 2004,5
VOTO_LEMA,FS,38,PBA,Partido Frente Amplio,971 49,1
VOTO_LEMA,FS,38,PBA,Partido Nacional,904 404-404 904-904 404-404 904,4
VOTO_LEMA,FS,39,PBA,Partido Frente Amplio,49 90609-1968 871 90609-711 1618,3
VOTO_LEMA,FS,39,PBA,Partido Nacional,404 2004-404 51880,2
VOTO_LEMA,FS,39,PBA,Partido Ecologista Radical Intransigente,696 1330,1
VOTO_LEMA,FS,40,PBA,Partido Colorado,600 20002000,1
VOTO_LEMA,FS,40,PBA,Partido Nacional,404 9-404 904-904 404-9 404-404 904,5
VOTO_LEMA,FS,41,PBA,Partido Frente Amplio,1810 1968-90609 567,2
VOTO_LEMA,FS,41,PBA,Partido Colorado,600 20002000-600 20002000,2
VOTO_LEMA,FS,41,PBA,Partido Nacional,904 404,1
VOTO_LEMA,FS,42,PBA,Partido Colorado,600 15-600 15-600 15 336633,3
VOTO_LEMA,FS,42,PBA,Partido Nacional,404 904-404 51880,2
VOTO_LEMA,FS,42,PBA,Partido Independiente,909 9009,1
VOTO_LEMA,FS,43,PBA,Partido Frente Amplio,971 212137764,1
VOTO_LEMA,FS,43,PBA,Partido Colorado,2000 15-15 600-336633 600-15 600,4
VOTO_LEMA,FS,43,PBA,Partido Nacional,51880 404-51880 404-404 904-404 904,4
VOTO_LEMA,FS,44,PBA,Partido Frente Amplio,711 212137764-90609 1810-90609 1810,3
VOTO_LEMA,FS,44,PBA,Partido Colorado,15 2000,1
VOTO_LEMA,FS,44,PBA,Partido Nacional,880 51880-404 904-404 51880,3
VOTO_LEMA,FS,45,PBA,Partido Colorado,20002000 600,1
VOTO_LEMA,FS,45,PBA,Partido Cabildo Abierto,11820 21820,1
VOTO_LEMA,FS,46,PBA,Partido Frente Amplio,890 49-33115005 90609-1968 800,3
VOTO_LEMA,FS,46,PBA,Partido Nacional,904 404,1
VOTO_LEMA,FS,46,PBA,Partido Cabildo Abierto,11820 21820,1
VOTO_LEMA,FS,47,PBA,Partido Frente Amplio,99000 13037373,1
VOTO_LEMA,FS,48,PBA,Partido Frente Amplio,971 800,1
VOTO_LEMA,FS,48,PBA,Partido Colorado,600 15,1
VOTO_LEMA,FS,48,PBA,Partido Nacional,404 904,1
VOTO_LEMA,FS,49,PBA,Partido Frente Amplio,1810 212137764-800 212137764-711 205-971 90609,4
VOTO_LEMA,FS,49,PBA,Partido Colorado,15 600-15 20002000,2
VOTO_LEMA,FS,49,PBA,Partido Nacional,2004 404-904 404-9 404-1252 404,4
VOTO_LEMA,FS,49,PBA,Partido Cabildo Abierto,11820 21820-11820 21820,2
VOTO_LEMA,FS,50,PBA,Partido Frente Amplio,33115005 90609,1
VOTO_LEMA,FS,50,PBA,Partido Colorado,15 2000,1
VOTO_LEMA,FS,50,PBA,Partido Nacional,880 51880-880 51880,2
VOTO_LEMA,FS,51,PBA,Partido Nacional,1252 904,1
VOTO_LEMA,FS,51,PBA,Partido Cabildo Abierto,21820 11820,1
VOTO_LEMA,FS,52,PBA,Partido Frente Amplio,1618 33115005-8008 90609 711,2
VOTO_LEMA,FS,52,PBA,Partido Colorado,600 2000,1
VOTO_LEMA,FS,52,PBA,Partido Cabildo Abierto,21820 11820,1
VOTO_LEMA,FS,53,PBA,Partido Frente Amplio,99000 982-212137764 800,2
VOTO_LEMA,FS,53,PBA,Partido Colorado,600 2000,1
VOTO_LEMA,FS,53,PBA,Partido Nacional,880 9-404 51880-904 9,3
VOTO_LEMA,FS,54,PBA,Partido Colorado,600 15-600 2000,2
VOTO_LEMA,FS,55,PBB,Partido Nacional,404 904,1
VOTO_LEMA,FS,56,PBC,Partido Frente Amplio,13037373 33115005,1
VOTO_LEMA,FS,56,PBC,Partido Nacional,2004 880-404 880,2
VOTO_LEMA,FS,57,PBD,Partido Frente Amplio,1810 90609,1
VOTO_LEMA,FS,57,PBD,Partido Nacional,2004 404,1
VOTO_LEMA,FS,58,PBD,Partido Nacional,2004 404-904 404,2
VOTO_LEMA,FS,59,PBD,Partido Frente Amplio,90609 711-90609 871 800,2
VOTO_LEMA,FS,59,PBD,Partido Colorado,2000 15,1
VOTO_LEMA,FS,59,PBD,Partido Nacional,404 880-880 904-880 904-904 404-904 404,5
VOTO_LEMA,FS,60,PBD,Partido Frente Amplio,90609 99000,1
VOTO_LEMA,FS,60,PBD,Partido Colorado,15 2000,1
VOTO_LEMA,FS,60,PBD,Partido Nacional,404 904-51880 2004,2
VOTO_LEMA,FS,60,PBD,Partido Independiente,909 9009-909 9009,2
VOTO_LEMA,FS,61,PCA,Partido Nacional,404 880-404 904,2
VOTO_LEMA,FS,65,PCF,Partido Nacional,404 904-404 904,2
VOTO_LEMA,FS,9001,PZZ,Partido Frente Amplio,890 90609,1
VOTO_LEMA,FS,9001,PZZ,Partido Colorado,600 2000,1
VOTO_LEMA,FS,9001,PZZ,Partido Nacional,404 880-51880 404-404 904-404 2004-904 404 2004-904 404-404 904-2004 404-2004 880,9
VOTO_LEMA,FS,9001,PZZ,Partido Independiente,909 9009,1
VOTO_LEMA,FS,9001,PZZ,Partido Cabildo Abierto,11820 21820,1