PARTIDO,DEPTO,CIRCUITO,SERIES,ESCRUTINIO,PRECANDIDATO,HOJA,CNT_VOTOS,ZONA
CABILDO ABIERTO,FS,,PAA,No aplica,,211,1,PAA
CABILDO ABIERTO,FS,,PAA,No aplica,,333,2,PAA
FRENTE AMPLIO,FS,,PAA,No aplica,,177,3,PAA
FRENTE AMPLIO,FS,,PAA,No aplica,,190,1,PAA
FRENTE AMPLIO,FS,,PAA,No aplica,,810,2,PAA
FRENTE AMPLIO,FS,,PAA,No aplica,,971,1,PAA
FRENTE AMPLIO,FS,,PAA,No aplica,,1609,10,PAA
FRENTE AMPLIO,FS,,PAA,No aplica,,1939,5,PAA
FRENTE AMPLIO,FS,,PAA,No aplica,,18081,1,PAA
PARTIDO COLORADO,FS,,PAA,No aplica,,10,3,PAA
PARTIDO COLORADO,FS,,PAA,No aplica,,15,3,PAA
PARTIDO COLORADO,FS,,PAA,No aplica,,21,7,PAA
PARTIDO COLORADO,FS,,PAA,No aplica,,70,2,PAA
PARTIDO COLORADO,FS,,PAA,No aplica,,75,1,PAA
PARTIDO COLORADO,FS,,PAA,No aplica,,310,1,PAA
PARTIDO COLORADO,FS,,PAA,No aplica,,2025,4,PAA
PARTIDO COLORADO,FS,,PAA,No aplica,,7009,2,PAA
PARTIDO COLORADO,FS,,PAA,No aplica,,17600,6,PAA
PARTIDO INDEPENDIENTE,FS,,PAA,No aplica,,999,1,PAA
PARTIDO NACIONAL,FS,,PAA,No aplica,,1,1,PAA
PARTIDO NACIONAL,FS,,PAA,No aplica,,30,69,PAA
PARTIDO NACIONAL,FS,,PAA,No aplica,,50,27,PAA
PARTIDO NACIONAL,FS,,PAA,No aplica,,80,3,PAA
PARTIDO NACIONAL,FS,,PAA,No aplica,,530,4,PAA
PARTIDO NACIONAL,FS,,PAA,No aplica,,803,1,PAA
PARTIDO NACIONAL,FS,,PAA,No aplica,,903,1,PAA
PARTIDO NACIONAL,FS,,PAA,No aplica,,904,3,PAA
PARTIDO NACIONAL,FS,,PAA,No aplica,,1271,4,PAA
PARTIDO NACIONAL,FS,,PAA,No aplica,,5050,8,PAA
PARTIDO NACIONAL,FS,,PAA,No aplica,,7130,3,PAA
CABILDO ABIERTO,FS,,PAA,No aplica,,333,1,PAA
CABILDO ABIERTO,FS,,PAA,No aplica,,577,3,PAA
FRENTE AMPLIO,FS,,PAA,No aplica,,152,1,PAA
FRENTE AMPLIO,FS,,PAA,No aplica,,177,6,PAA
FRENTE AMPLIO,FS,,PAA,No aplica,,190,1,PAA
FRENTE AMPLIO,FS,,PAA,No aplica,,810,9,PAA
FRENTE AMPLIO,FS,,PAA,No aplica,,971,6,PAA
FRENTE AMPLIO,FS,,PAA,No aplica,,1609,11,PAA
FRENTE AMPLIO,FS,,PAA,No aplica,,1939,7,PAA
FRENTE AMPLIO,FS,,PAA,No aplica,,11968,1,PAA
FRENTE AMPLIO,FS,,PAA,No aplica,,18081,1,PAA
PARTIDO COLORADO,FS,,PAA,No aplica,,10,2,PAA
PARTIDO COLORADO,FS,,PAA,No aplica,,21,11,PAA
PARTIDO COLORADO,FS,,PAA,No aplica,,70,2,PAA
PARTIDO COLORADO,FS,,PAA,No aplica,,122,5,PAA
PARTIDO COLORADO,FS,,PAA,No aplica,,214,5,PAA
PARTIDO COLORADO,FS,,PAA,No aplica,,2025,7,PAA
PARTIDO COLORADO,FS,,PAA,No aplica,,7009,2,PAA
PARTIDO COLORADO,FS,,PAA,No aplica,,17600,4,PAA
PARTIDO COLORADO,FS,,PAA,No aplica,,101010,1,PAA
PARTIDO NACIONAL,FS,,PAA,No aplica,,1,4,PAA
PARTIDO NACIONAL,FS,,PAA,No aplica,,9,5,PAA
PARTIDO NACIONAL,FS,,PAA,No aplica,,30,73,PAA
PARTIDO NACIONAL,FS,,PAA,No aplica,,50,27,PAA
PARTIDO NACIONAL,FS,,PAA,No aplica,,80,3,PAA
PARTIDO NACIONAL,FS,,PAA,No aplica,,430,1,PAA
PARTIDO NACIONAL,FS,,PAA,No aplica,,530,2,PAA
PARTIDO NACIONAL,FS,,PAA,No aplica,,803,1,PAA
PARTIDO NACIONAL,FS,,PAA,No aplica,,903,9,PAA
PARTIDO NACIONAL,FS,,PAA,No aplica,,904,6,PAA
PARTIDO NACIONAL,FS,,PAA,No aplica,,1271,1,PAA
PARTIDO NACIONAL,FS,,PAA,No aplica,,1930,2,PAA
PARTIDO NACIONAL,FS,,PAA,No aplica,,5050,8,PAA
PARTIDO NACIONAL,FS,,PAA,No aplica,,7130,6,PAA
CABILDO ABIERTO,FS,,PAA,No aplica,,211,1,PAA
CABILDO ABIERTO,FS,,PAA,No aplica,,333,1,PAA
CABILDO ABIERTO,FS,,PAA,No aplica,,577,1,PAA
FRENTE AMPLIO,FS,,PAA,No aplica,,152,2,PAA
FRENTE AMPLIO,FS,,PAA,No aplica,,177,6,PAA
FRENTE AMPLIO,FS,,PAA,No aplica,,810,2,PAA
FRENTE AMPLIO,FS,,PAA,No aplica,,971,3,PAA
FRENTE AMPLIO,FS,,PAA,No aplica,,1609,18,PAA
FRENTE AMPLIO,FS,,PAA,No aplica,,1939,7,PAA
FRENTE AMPLIO,FS,,PAA,No aplica,,2001,1,PAA
FRENTE AMPLIO,FS,,PAA,No aplica,,319000,2,PAA
PARTIDO COLORADO,FS,,PAA,No aplica,,10,1,PAA
PARTIDO COLORADO,FS,,PAA,No aplica,,15,2,PAA
PARTIDO COLORADO,FS,,PAA,No aplica,,21,13,PAA
PARTIDO COLORADO,FS,,PAA,No aplica,,122,2,PAA
PARTIDO COLORADO,FS,,PAA,No aplica,,214,2,PAA
PARTIDO COLORADO,FS,,PAA,No aplica,,310,2,PAA
PARTIDO COLORADO,FS,,PAA,No aplica,,2025,4,PAA
PARTIDO COLORADO,FS,,PAA,No aplica,,7009,4,PAA
PARTIDO COLORADO,FS,,PAA,No aplica,,17600,9,PAA
PARTIDO COLORADO,FS,,PAA,No aplica,,101010,1,PAA
PARTIDO NACIONAL,FS,,PAA,No aplica,,1,2,PAA
PARTIDO NACIONAL,FS,,PAA,No aplica,,4,1,PAA
PARTIDO NACIONAL,FS,,PAA,No aplica,,9,2,PAA
PARTIDO NACIONAL,FS,,PAA,No aplica,,30,75,PAA
PARTIDO NACIONAL,FS,,PAA,No aplica,,50,32,PAA
PARTIDO NACIONAL,FS,,PAA,No aplica,,80,5,PAA
PARTIDO NACIONAL,FS,,PAA,No aplica,,430,1,PAA
PARTIDO NACIONAL,FS,,PAA,No aplica,,530,1,PAA
PARTIDO NACIONAL,FS,,PAA,No aplica,,803,4,PAA
PARTIDO NACIONAL,FS,,PAA,No aplica,,903,9,PAA
PARTIDO NACIONAL,FS,,PAA,No aplica,,904,5,PAA
PARTIDO NACIONAL,FS,,PAA,No aplica,,1930,3,PAA
PARTIDO NACIONAL,FS,,PAA,No aplica,,5050,9,PAA
PARTIDO NACIONAL,FS,,PAA,No aplica,,7130,2,PAA
FRENTE AMPLIO,FS,,PAA,No aplica,,152,2,PAA
FRENTE AMPLIO,FS,,PAA,No aplica,,177,6,PAA
FRENTE AMPLIO,FS,,PAA,No aplica,,190,1,PAA
FRENTE AMPLIO,FS,,PAA,No aplica,,810,9,PAA
FRENTE AMPLIO,FS,,PAA,No aplica,,971,3,PAA
FRENTE AMPLIO,FS,,PAA,No aplica,,1609,21,PAA
FRENTE AMPLIO,FS,,PAA,No aplica,,1939,3,PAA
FRENTE AMPLIO,FS,,PAA,No aplica,,2001,2,PAA
PARTIDO COLORADO,FS,,PAA,No aplica,,15,4,PAA
PARTIDO COLORADO,FS,,PAA,No aplica,,21,7,PAA
PARTIDO COLORADO,FS,,PAA,No aplica,,70,5,PAA
PARTIDO COLORADO,FS,,PAA,No aplica,,75,1,PAA
PARTIDO COLORADO,FS,,PAA,No aplica,,2025,3,PAA
PARTIDO COLORADO,FS,,PAA,No aplica,,7009,3,PAA
PARTIDO COLORADO,FS,,PAA,No aplica,,17600,7,PAA
PARTIDO INDEPENDIENTE,FS,,PAA,No aplica,,999,1,PAA
PARTIDO NACIONAL,FS,,PAA,No aplica,,1,1,PAA
PARTIDO NACIONAL,FS,,PAA,No aplica,,4,1,PAA
PARTIDO NACIONAL,FS,,PAA,No aplica,,9,2,PAA
PARTIDO NACIONAL,FS,,PAA,No aplica,,30,71,PAA
PARTIDO NACIONAL,FS,,PAA,No aplica,,50,29,PAA
PARTIDO NACIONAL,FS,,PAA,No aplica,,80,5,PAA
PARTIDO NACIONAL,FS,,PAA,No aplica,,430,1,PAA
PARTIDO NACIONAL,FS,,PAA,No aplica,,530,2,PAA
PARTIDO NACIONAL,FS,,PAA,No aplica,,714,2,PAA
PARTIDO NACIONAL,FS,,PAA,No aplica,,803,4,PAA
PARTIDO NACIONAL,FS,,PAA,No aplica,,903,5,PAA
PARTIDO NACIONAL,FS,,PAA,No aplica,,904,3,PAA
PARTIDO NACIONAL,FS,,PAA,No aplica,,5050,20,PAA
PARTIDO NACIONAL,FS,,PAA,No aplica,,7130,1,PAA
CABILDO ABIERTO,FS,,PAA,No aplica,,333,2,PAA
CABILDO ABIERTO,FS,,PAA,No aplica,,577,1,PAA
FRENTE AMPLIO,FS,,PAA,No aplica,,152,4,PAA
FRENTE AMPLIO,FS,,PAA,No aplica,,177,5,PAA
FRENTE AMPLIO,FS,,PAA,No aplica,,190,1,PAA
FRENTE AMPLIO,FS,,PAA,No aplica,,810,7,PAA
FRENTE AMPLIO,FS,,PAA,No aplica,,971,3,PAA
FRENTE AMPLIO,FS,,PAA,No aplica,,1609,15,PAA
FRENTE AMPLIO,FS,,PAA,No aplica,,1939,4,PAA
FRENTE AMPLIO,FS,,PAA,No aplica,,18081,3,PAA
FRENTE AMPLIO,FS,,PAA,No aplica,,319000,1,PAA
PARTIDO COLORADO,FS,,PAA,No aplica,,10,1,PAA
PARTIDO COLORADO,FS,,PAA,No aplica,,21,4,PAA
PARTIDO COLORADO,FS,,PAA,No aplica,,70,1,PAA
PARTIDO COLORADO,FS,,PAA,No aplica,,214,1,PAA
PARTIDO COLORADO,FS,,PAA,No aplica,,2025,8,PAA
PARTIDO COLORADO,FS,,PAA,No aplica,,7009,4,PAA
PARTIDO COLORADO,FS,,PAA,No aplica,,17600,4,PAA
PARTIDO NACIONAL,FS,,PAA,No aplica,,1,1,PAA
PARTIDO NACIONAL,FS,,PAA,No aplica,,4,3,PAA
PARTIDO NACIONAL,FS,,PAA,No aplica,,9,2,PAA
PARTIDO NACIONAL,FS,,PAA,No aplica,,30,67,PAA
PARTIDO NACIONAL,FS,,PAA,No aplica,,50,36,PAA
PARTIDO NACIONAL,FS,,PAA,No aplica,,80,4,PAA
PARTIDO NACIONAL,FS,,PAA,No aplica,,430,1,PAA
PARTIDO NACIONAL,FS,,PAA,No aplica,,530,2,PAA
PARTIDO NACIONAL,FS,,PAA,No aplica,,714,3,PAA
PARTIDO NACIONAL,FS,,PAA,No aplica,,903,5,PAA
PARTIDO NACIONAL,FS,,PAA,No aplica,,904,2,PAA
PARTIDO NACIONAL,FS,,PAA,No aplica,,1271,1,PAA
PARTIDO NACIONAL,FS,,PAA,No aplica,,1930,4,PAA
PARTIDO NACIONAL,FS,,PAA,No aplica,,5050,12,PAA
CABILDO ABIERTO,FS,,PAA,No aplica,,333,1,PAA
CABILDO ABIERTO,FS,,PAA,No aplica,,577,1,PAA
FRENTE AMPLIO,FS,,PAA,No aplica,,152,2,PAA
FRENTE AMPLIO,FS,,PAA,No aplica,,177,7,PAA
FRENTE AMPLIO,FS,,PAA,No aplica,,190,2,PAA
FRENTE AMPLIO,FS,,PAA,No aplica,,810,5,PAA
FRENTE AMPLIO,FS,,PAA,No aplica,,971,5,PAA
FRENTE AMPLIO,FS,,PAA,No aplica,,1609,21,PAA
FRENTE AMPLIO,FS,,PAA,No aplica,,1939,1,PAA
FRENTE AMPLIO,FS,,PAA,No aplica,,2001,1,PAA
FRENTE AMPLIO,FS,,PAA,No aplica,,18081,3,PAA
FRENTE AMPLIO,FS,,PAA,No aplica,,319000,2,PAA
PARTIDO COLORADO,FS,,PAA,No aplica,,15,1,PAA
PARTIDO COLORADO,FS,,PAA,No aplica,,21,3,PAA
PARTIDO COLORADO,FS,,PAA,No aplica,,70,1,PAA
PARTIDO COLORADO,FS,,PAA,No aplica,,214,1,PAA
PARTIDO COLORADO,FS,,PAA,No aplica,,2025,3,PAA
PARTIDO COLORADO,FS,,PAA,No aplica,,7009,2,PAA
PARTIDO COLORADO,FS,,PAA,No aplica,,17600,9,PAA
PARTIDO COLORADO,FS,,PAA,No aplica,,101010,1,PAA
PARTIDO INDEPENDIENTE,FS,,PAA,No aplica,,999,2,PAA
PARTIDO NACIONAL,FS,,PAA,No aplica,,1,6,PAA
PARTIDO NACIONAL,FS,,PAA,No aplica,,9,4,PAA
PARTIDO NACIONAL,FS,,PAA,No aplica,,30,56,PAA
PARTIDO NACIONAL,FS,,PAA,No aplica,,50,28,PAA
PARTIDO NACIONAL,FS,,PAA,No aplica,,80,8,PAA
PARTIDO NACIONAL,FS,,PAA,No aplica,,530,1,PAA
PARTIDO NACIONAL,FS,,PAA,No aplica,,903,8,PAA
PARTIDO NACIONAL,FS,,PAA,No aplica,,1271,3,PAA
PARTIDO NACIONAL,FS,,PAA,No aplica,,1930,2,PAA
PARTIDO NACIONAL,FS,,PAA,No aplica,,5050,14,PAA
PARTIDO NACIONAL,FS,,PAA,No aplica,,7130,4,PAA
CABILDO ABIERTO,FS,,PAA,No aplica,,333,4,PAA
CABILDO ABIERTO,FS,,PAA,No aplica,,577,1,PAA
FRENTE AMPLIO,FS,,PAA,No aplica,,152,3,PAA
FRENTE AMPLIO,FS,,PAA,No aplica,,177,4,PAA
FRENTE AMPLIO,FS,,PAA,No aplica,,810,3,PAA
FRENTE AMPLIO,FS,,PAA,No aplica,,971,1,PAA
FRENTE AMPLIO,FS,,PAA,No aplica,,1567,1,PAA
FRENTE AMPLIO,FS,,PAA,No aplica,,1609,12,PAA
FRENTE AMPLIO,FS,,PAA,No aplica,,1939,5,PAA
FRENTE AMPLIO,FS,,PAA,No aplica,,2001,2,PAA
FRENTE AMPLIO,FS,,PAA,No aplica,,18081,2,PAA
FRENTE AMPLIO,FS,,PAA,No aplica,,319000,2,PAA
PARTIDO COLORADO,FS,,PAA,No aplica,,10,4,PAA
PARTIDO COLORADO,FS,,PAA,No aplica,,15,2,PAA
PARTIDO COLORADO,FS,,PAA,No aplica,,21,3,PAA
PARTIDO COLORADO,FS,,PAA,No aplica,,70,2,PAA
PARTIDO COLORADO,FS,,PAA,No aplica,,75,3,PAA
PARTIDO COLORADO,FS,,PAA,No aplica,,122,2,PAA
PARTIDO COLORADO,FS,,PAA,No aplica,,214,1,PAA
PARTIDO COLORADO,FS,,PAA,No aplica,,300,3,PAA
PARTIDO COLORADO,FS,,PAA,No aplica,,2025,5,PAA
PARTIDO COLORADO,FS,,PAA,No aplica,,17600,6,PAA
PARTIDO COLORADO,FS,,PAA,No aplica,,101010,1,PAA
PARTIDO NACIONAL,FS,,PAA,No aplica,,1,5,PAA
PARTIDO NACIONAL,FS,,PAA,No aplica,,4,2,PAA
PARTIDO NACIONAL,FS,,PAA,No aplica,,9,4,PAA
PARTIDO NACIONAL,FS,,PAA,No aplica,,30,51,PAA
PARTIDO NACIONAL,FS,,PAA,No aplica,,50,25,PAA
PARTIDO NACIONAL,FS,,PAA,No aplica,,80,2,PAA
PARTIDO NACIONAL,FS,,PAA,No aplica,,430,1,PAA
PARTIDO NACIONAL,FS,,PAA,No aplica,,530,3,PAA
PARTIDO NACIONAL,FS,,PAA,No aplica,,714,3,PAA
PARTIDO NACIONAL,FS,,PAA,No aplica,,903,3,PAA
PARTIDO NACIONAL,FS,,PAA,No aplica,,904,4,PAA
PARTIDO NACIONAL,FS,,PAA,No aplica,,1271,4,PAA
PARTIDO NACIONAL,FS,,PAA,No aplica,,1930,3,PAA
PARTIDO NACIONAL,FS,,PAA,No aplica,,5050,8,PAA
PARTIDO NACIONAL,FS,,PAA,No aplica,,7130,2,PAA
CABILDO ABIERTO,FS,,PAA,No aplica,,211,1,PAA
CABILDO ABIERTO,FS,,PAA,No aplica,,577,2,PAA
FRENTE AMPLIO,FS,,PAA,No aplica,,152,2,PAA
FRENTE AMPLIO,FS,,PAA,No aplica,,177,6,PAA
FRENTE AMPLIO,FS,,PAA,No aplica,,190,2,PAA
FRENTE AMPLIO,FS,,PAA,No aplica,,810,8,PAA
FRENTE AMPLIO,FS,,PAA,No aplica,,1609,19,PAA
FRENTE AMPLIO,FS,,PAA,No aplica,,1939,2,PAA
FRENTE AMPLIO,FS,,PAA,No aplica,,11968,2,PAA
PARTIDO COLORADO,FS,,PAA,No aplica,,15,2,PAA
PARTIDO COLORADO,FS,,PAA,No aplica,,21,3,PAA
PARTIDO COLORADO,FS,,PAA,No aplica,,122,2,PAA
PARTIDO COLORADO,FS,,PAA,No aplica,,214,1,PAA
PARTIDO COLORADO,FS,,PAA,No aplica,,300,4,PAA
PARTIDO COLORADO,FS,,PAA,No aplica,,310,2,PAA
PARTIDO COLORADO,FS,,PAA,No aplica,,2025,1,PAA
PARTIDO COLORADO,FS,,PAA,No aplica,,7009,2,PAA
PARTIDO COLORADO,FS,,PAA,No aplica,,17600,9,PAA
PARTIDO NACIONAL,FS,,PAA,No aplica,,1,1,PAA
PARTIDO NACIONAL,FS,,PAA,No aplica,,9,5,PAA
PARTIDO NACIONAL,FS,,PAA,No aplica,,30,62,PAA
PARTIDO NACIONAL,FS,,PAA,No aplica,,50,20,PAA
PARTIDO NACIONAL,FS,,PAA,No aplica,,80,5,PAA
PARTIDO NACIONAL,FS,,PAA,No aplica,,530,4,PAA
PARTIDO NACIONAL,FS,,PAA,No aplica,,903,4,PAA
PARTIDO NACIONAL,FS,,PAA,No aplica,,904,1,PAA
PARTIDO NACIONAL,FS,,PAA,No aplica,,1271,2,PAA
PARTIDO NACIONAL,FS,,PAA,No aplica,,1930,3,PAA
PARTIDO NACIONAL,FS,,PAA,No aplica,,5050,13,PAA
PARTIDO NACIONAL,FS,,PAA,No aplica,,7130,5,PAA
CABILDO ABIERTO,FS,,PAA,No aplica,,211,2,PAA
CABILDO ABIERTO,FS,,PAA,No aplica,,333,1,PAA
CABILDO ABIERTO,FS,,PAA,No aplica,,577,2,PAA
FRENTE AMPLIO,FS,,PAA,No aplica,,152,1,PAA
FRENTE AMPLIO,FS,,PAA,No aplica,,177,4,PAA
FRENTE AMPLIO,FS,,PAA,No aplica,,190,1,PAA
FRENTE AMPLIO,FS,,PAA,No aplica,,810,12,PAA
FRENTE AMPLIO,FS,,PAA,No aplica,,971,2,PAA
FRENTE AMPLIO,FS,,PAA,No aplica,,1441,1,PAA
FRENTE AMPLIO,FS,,PAA,No aplica,,1609,14,PAA
FRENTE AMPLIO,FS,,PAA,No aplica,,1939,5,PAA
FRENTE AMPLIO,FS,,PAA,No aplica,,2001,2,PAA
FRENTE AMPLIO,FS,,PAA,No aplica,,18081,1,PAA
FRENTE AMPLIO,FS,,PAA,No aplica,,319000,1,PAA
PARTIDO COLORADO,FS,,PAA,No aplica,,15,4,PAA
PARTIDO COLORADO,FS,,PAA,No aplica,,21,5,PAA
PARTIDO COLORADO,FS,,PAA,No aplica,,75,1,PAA
PARTIDO COLORADO,FS,,PAA,No aplica,,122,2,PAA
PARTIDO COLORADO,FS,,PAA,No aplica,,300,3,PAA
PARTIDO COLORADO,FS,,PAA,No aplica,,2025,2,PAA
PARTIDO COLORADO,FS,,PAA,No aplica,,7009,3,PAA
PARTIDO COLORADO,FS,,PAA,No aplica,,17600,3,PAA
PARTIDO NACIONAL,FS,,PAA,No aplica,,1,2,PAA
PARTIDO NACIONAL,FS,,PAA,No aplica,,4,2,PAA
PARTIDO NACIONAL,FS,,PAA,No aplica,,9,6,PAA
PARTIDO NACIONAL,FS,,PAA,No aplica,,30,37,PAA
PARTIDO NACIONAL,FS,,PAA,No aplica,,50,23,PAA
PARTIDO NACIONAL,FS,,PAA,No aplica,,80,3,PAA
PARTIDO NACIONAL,FS,,PAA,No aplica,,430,2,PAA
PARTIDO NACIONAL,FS,,PAA,No aplica,,530,3,PAA
PARTIDO NACIONAL,FS,,PAA,No aplica,,714,2,PAA
PARTIDO NACIONAL,FS,,PAA,No aplica,,803,1,PAA
PARTIDO NACIONAL,FS,,PAA,No aplica,,903,4,PAA
PARTIDO NACIONAL,FS,,PAA,No aplica,,1271,2,PAA
PARTIDO NACIONAL,FS,,PAA,No aplica,,1930,4,PAA
PARTIDO NACIONAL,FS,,PAA,No aplica,,5050,15,PAA
PARTIDO NACIONAL,FS,,PAA,No aplica,,7130,2,PAA
CABILDO ABIERTO,FS,,PAA,No aplica,,333,1,PAA
FRENTE AMPLIO,FS,,PAA,No aplica,,152,1,PAA
FRENTE AMPLIO,FS,,PAA,No aplica,,177,9,PAA
FRENTE AMPLIO,FS,,PAA,No aplica,,190,1,PAA
FRENTE AMPLIO,FS,,PAA,No aplica,,810,5,PAA
FRENTE AMPLIO,FS,,PAA,No aplica,,971,1,PAA
FRENTE AMPLIO,FS,,PAA,No aplica,,1609,25,PAA
FRENTE AMPLIO,FS,,PAA,No aplica,,1939,3,PAA
FRENTE AMPLIO,FS,,PAA,No aplica,,2001,2,PAA
FRENTE AMPLIO,FS,,PAA,No aplica,,18081,1,PAA
PARTIDO COLORADO,FS,,PAA,No aplica,,10,1,PAA
PARTIDO COLORADO,FS,,PAA,No aplica,,15,1,PAA
PARTIDO COLORADO,FS,,PAA,No aplica,,21,3,PAA
PARTIDO COLORADO,FS,,PAA,No aplica,,75,1,PAA
PARTIDO COLORADO,FS,,PAA,No aplica,,122,4,PAA
PARTIDO COLORADO,FS,,PAA,No aplica,,214,1,PAA
PARTIDO COLORADO,FS,,PAA,No aplica,,300,2,PAA
PARTIDO COLORADO,FS,,PAA,No aplica,,310,2,PAA
PARTIDO COLORADO,FS,,PAA,No aplica,,2025,3,PAA
PARTIDO COLORADO,FS,,PAA,No aplica,,7009,2,PAA
PARTIDO COLORADO,FS,,PAA,No aplica,,17600,4,PAA
PARTIDO NACIONAL,FS,,PAA,No aplica,,1,5,PAA
PARTIDO NACIONAL,FS,,PAA,No aplica,,4,2,PAA
PARTIDO NACIONAL,FS,,PAA,No aplica,,9,3,PAA
PARTIDO NACIONAL,FS,,PAA,No aplica,,30,64,PAA
PARTIDO NACIONAL,FS,,PAA,No aplica,,50,18,PAA
PARTIDO NACIONAL,FS,,PAA,No aplica,,80,4,PAA
PARTIDO NACIONAL,FS,,PAA,No aplica,,530,3,PAA
PARTIDO NACIONAL,FS,,PAA,No aplica,,714,1,PAA
PARTIDO NACIONAL,FS,,PAA,No aplica,,803,1,PAA
PARTIDO NACIONAL,FS,,PAA,No aplica,,903,3,PAA
PARTIDO NACIONAL,FS,,PAA,No aplica,,904,2,PAA
PARTIDO NACIONAL,FS,,PAA,No aplica,,1271,2,PAA
PARTIDO NACIONAL,FS,,PAA,No aplica,,1930,2,PAA
PARTIDO NACIONAL,FS,,PAA,No aplica,,5050,9,PAA
PARTIDO NACIONAL,FS,,PAA,No aplica,,7130,3,PAA
CABILDO ABIERTO,FS,,PAA,No aplica,,333,1,PAA
CABILDO ABIERTO,FS,,PAA,No aplica,,577,2,PAA
FRENTE AMPLIO,FS,,PAA,No aplica,,152,4,PAA
FRENTE AMPLIO,FS,,PAA,No aplica,,177,1,PAA
FRENTE AMPLIO,FS,,PAA,No aplica,,190,5,PAA
FRENTE AMPLIO,FS,,PAA,No aplica,,810,5,PAA
FRENTE AMPLIO,FS,,PAA,No aplica,,1567,1,PAA
FRENTE AMPLIO,FS,,PAA,No aplica,,1609,15,PAA
FRENTE AMPLIO,FS,,PAA,No aplica,,1939,2,PAA
FRENTE AMPLIO,FS,,PAA,No aplica,,18081,1,PAA
PARTIDO COLORADO,FS,,PAA,No aplica,,70,2,PAA
PARTIDO COLORADO,FS,,PAA,No aplica,,75,2,PAA
PARTIDO COLORADO,FS,,PAA,No aplica,,300,1,PAA
PARTIDO COLORADO,FS,,PAA,No aplica,,2025,3,PAA
PARTIDO COLORADO,FS,,PAA,No aplica,,17600,4,PAA
PARTIDO NACIONAL,FS,,PAA,No aplica,,1,1,PAA
PARTIDO NACIONAL,FS,,PAA,No aplica,,4,1,PAA
PARTIDO NACIONAL,FS,,PAA,No aplica,,9,3,PAA
PARTIDO NACIONAL,FS,,PAA,No aplica,,30,48,PAA
PARTIDO NACIONAL,FS,,PAA,No aplica,,50,22,PAA
PARTIDO NACIONAL,FS,,PAA,No aplica,,80,4,PAA
PARTIDO NACIONAL,FS,,PAA,No aplica,,530,3,PAA
PARTIDO NACIONAL,FS,,PAA,No aplica,,803,1,PAA
PARTIDO NACIONAL,FS,,PAA,No aplica,,903,4,PAA
PARTIDO NACIONAL,FS,,PAA,No aplica,,904,1,PAA
PARTIDO NACIONAL,FS,,PAA,No aplica,,1271,1,PAA
PARTIDO NACIONAL,FS,,PAA,No aplica,,1930,5,PAA
PARTIDO NACIONAL,FS,,PAA,No aplica,,5050,7,PAA
PARTIDO NACIONAL,FS,,PAA,No aplica,,7130,1,PAA
CABILDO ABIERTO,FS,,PAA,No aplica,,333,1,PAA
FRENTE AMPLIO,FS,,PAA,No aplica,,152,2,PAA
FRENTE AMPLIO,FS,,PAA,No aplica,,177,3,PAA
FRENTE AMPLIO,FS,,PAA,No aplica,,810,12,PAA
FRENTE AMPLIO,FS,,PAA,No aplica,,971,1,PAA
FRENTE AMPLIO,FS,,PAA,No aplica,,1609,14,PAA
FRENTE AMPLIO,FS,,PAA,No aplica,,1939,2,PAA
PARTIDO COLORADO,FS,,PAA,No aplica,,15,1,PAA
PARTIDO COLORADO,FS,,PAA,No aplica,,21,1,PAA
PARTIDO COLORADO,FS,,PAA,No aplica,,70,3,PAA
PARTIDO COLORADO,FS,,PAA,No aplica,,75,1,PAA
PARTIDO COLORADO,FS,,PAA,No aplica,,122,3,PAA
PARTIDO COLORADO,FS,,PAA,No aplica,,214,1,PAA
PARTIDO COLORADO,FS,,PAA,No aplica,,300,1,PAA
PARTIDO COLORADO,FS,,PAA,No aplica,,310,1,PAA
PARTIDO COLORADO,FS,,PAA,No aplica,,7009,2,PAA
PARTIDO COLORADO,FS,,PAA,No aplica,,17600,7,PAA
PARTIDO NACIONAL,FS,,PAA,No aplica,,1,1,PAA
PARTIDO NACIONAL,FS,,PAA,No aplica,,4,3,PAA
PARTIDO NACIONAL,FS,,PAA,No aplica,,9,4,PAA
PARTIDO NACIONAL,FS,,PAA,No aplica,,30,38,PAA
PARTIDO NACIONAL,FS,,PAA,No aplica,,50,25,PAA
PARTIDO NACIONAL,FS,,PAA,No aplica,,80,4,PAA
PARTIDO NACIONAL,FS,,PAA,No aplica,,530,2,PAA
PARTIDO NACIONAL,FS,,PAA,No aplica,,803,1,PAA
PARTIDO NACIONAL,FS,,PAA,No aplica,,903,2,PAA
PARTIDO NACIONAL,FS,,PAA,No aplica,,904,1,PAA
PARTIDO NACIONAL,FS,,PAA,No aplica,,1271,3,PAA
PARTIDO NACIONAL,FS,,PAA,No aplica,,1930,2,PAA
PARTIDO NACIONAL,FS,,PAA,No aplica,,5050,7,PAA
CABILDO ABIERTO,FS,,PAA,No aplica,,333,1,PAA
FRENTE AMPLIO,FS,,PAA,No aplica,,152,2,PAA
FRENTE AMPLIO,FS,,PAA,No aplica,,810,9,PAA
FRENTE AMPLIO,FS,,PAA,No aplica,,971,1,PAA
FRENTE AMPLIO,FS,,PAA,No aplica,,1609,9,PAA
FRENTE AMPLIO,FS,,PAA,No aplica,,1939,1,PAA
FRENTE AMPLIO,FS,,PAA,No aplica,,18081,1,PAA
FRENTE AMPLIO,FS,,PAA,No aplica,,319000,2,PAA
PARTIDO COLORADO,FS,,PAA,No aplica,,15,2,PAA
PARTIDO COLORADO,FS,,PAA,No aplica,,21,2,PAA
PARTIDO COLORADO,FS,,PAA,No aplica,,122,1,PAA
PARTIDO COLORADO,FS,,PAA,No aplica,,300,3,PAA
PARTIDO COLORADO,FS,,PAA,No aplica,,2025,1,PAA
PARTIDO NACIONAL,FS,,PAA,No aplica,,1,1,PAA
PARTIDO NACIONAL,FS,,PAA,No aplica,,4,4,PAA
PARTIDO NACIONAL,FS,,PAA,No aplica,,9,2,PAA
PARTIDO NACIONAL,FS,,PAA,No aplica,,30,38,PAA
PARTIDO NACIONAL,FS,,PAA,No aplica,,50,26,PAA
PARTIDO NACIONAL,FS,,PAA,No aplica,,80,2,PAA
PARTIDO NACIONAL,FS,,PAA,No aplica,,430,2,PAA
PARTIDO NACIONAL,FS,,PAA,No aplica,,530,3,PAA
PARTIDO NACIONAL,FS,,PAA,No aplica,,714,1,PAA
PARTIDO NACIONAL,FS,,PAA,No aplica,,803,3,PAA
PARTIDO NACIONAL,FS,,PAA,No aplica,,903,3,PAA
PARTIDO NACIONAL,FS,,PAA,No aplica,,904,2,PAA
PARTIDO NACIONAL,FS,,PAA,No aplica,,1271,4,PAA
PARTIDO NACIONAL,FS,,PAA,No aplica,,1930,11,PAA
PARTIDO NACIONAL,FS,,PAA,No aplica,,5050,11,PAA
PARTIDO NACIONAL,FS,,PAA,No aplica,,7130,1,PAA
FRENTE AMPLIO,FS,,PAA,No aplica,,152,1,PAA
FRENTE AMPLIO,FS,,PAA,No aplica,,190,1,PAA
FRENTE AMPLIO,FS,,PAA,No aplica,,810,4,PAA
FRENTE AMPLIO,FS,,PAA,No aplica,,971,1,PAA
FRENTE AMPLIO,FS,,PAA,No aplica,,1567,1,PAA
FRENTE AMPLIO,FS,,PAA,No aplica,,1609,15,PAA
FRENTE AMPLIO,FS,,PAA,No aplica,,1939,2,PAA
FRENTE AMPLIO,FS,,PAA,No aplica,,18081,1,PAA
PARTIDO COLORADO,FS,,PAA,No aplica,,21,1,PAA
PARTIDO COLORADO,FS,,PAA,No aplica,,75,1,PAA
PARTIDO COLORADO,FS,,PAA,No aplica,,122,1,PAA
PARTIDO COLORADO,FS,,PAA,No aplica,,300,1,PAA
PARTIDO COLORADO,FS,,PAA,No aplica,,2025,1,PAA
PARTIDO COLORADO,FS,,PAA,No aplica,,7009,2,PAA
PARTIDO COLORADO,FS,,PAA,No aplica,,17600,2,PAA
PARTIDO NACIONAL,FS,,PAA,No aplica,,1,4,PAA
PARTIDO NACIONAL,FS,,PAA,No aplica,,4,1,PAA
PARTIDO NACIONAL,FS,,PAA,No aplica,,9,6,PAA
PARTIDO NACIONAL,FS,,PAA,No aplica,,30,35,PAA
PARTIDO NACIONAL,FS,,PAA,No aplica,,50,27,PAA
PARTIDO NACIONAL,FS,,PAA,No aplica,,80,9,PAA
PARTIDO NACIONAL,FS,,PAA,No aplica,,430,1,PAA
PARTIDO NACIONAL,FS,,PAA,No aplica,,530,1,PAA
PARTIDO NACIONAL,FS,,PAA,No aplica,,903,3,PAA
PARTIDO NACIONAL,FS,,PAA,No aplica,,1271,6,PAA
PARTIDO NACIONAL,FS,,PAA,No aplica,,1930,3,PAA
PARTIDO NACIONAL,FS,,PAA,No aplica,,5050,8,PAA
PARTIDO NACIONAL,FS,,PAA,No aplica,,7130,3,PAA
CABILDO ABIERTO,FS,,PAA,No aplica,,333,5,PAA
FRENTE AMPLIO,FS,,PAA,No aplica,,152,1,PAA
FRENTE AMPLIO,FS,,PAA,No aplica,,177,1,PAA
FRENTE AMPLIO,FS,,PAA,No aplica,,810,10,PAA
FRENTE AMPLIO,FS,,PAA,No aplica,,971,2,PAA
FRENTE AMPLIO,FS,,PAA,No aplica,,1609,8,PAA
FRENTE AMPLIO,FS,,PAA,No aplica,,1939,3,PAA
FRENTE AMPLIO,FS,,PAA,No aplica,,18081,1,PAA
PARTIDO COLORADO,FS,,PAA,No aplica,,15,1,PAA
PARTIDO COLORADO,FS,,PAA,No aplica,,21,2,PAA
PARTIDO COLORADO,FS,,PAA,No aplica,,70,1,PAA
PARTIDO COLORADO,FS,,PAA,No aplica,,75,1,PAA
PARTIDO COLORADO,FS,,PAA,No aplica,,122,3,PAA
PARTIDO COLORADO,FS,,PAA,No aplica,,300,1,PAA
PARTIDO COLORADO,FS,,PAA,No aplica,,2025,1,PAA
PARTIDO COLORADO,FS,,PAA,No aplica,,7009,1,PAA
PARTIDO COLORADO,FS,,PAA,No aplica,,17600,2,PAA
PARTIDO NACIONAL,FS,,PAA,No aplica,,1,1,PAA
PARTIDO NACIONAL,FS,,PAA,No aplica,,30,46,PAA
PARTIDO NACIONAL,FS,,PAA,No aplica,,50,25,PAA
PARTIDO NACIONAL,FS,,PAA,No aplica,,80,6,PAA
PARTIDO NACIONAL,FS,,PAA,No aplica,,430,2,PAA
PARTIDO NACIONAL,FS,,PAA,No aplica,,530,2,PAA
PARTIDO NACIONAL,FS,,PAA,No aplica,,714,4,PAA
PARTIDO NACIONAL,FS,,PAA,No aplica,,903,1,PAA
PARTIDO NACIONAL,FS,,PAA,No aplica,,904,2,PAA
PARTIDO NACIONAL,FS,,PAA,No aplica,,1271,2,PAA
PARTIDO NACIONAL,FS,,PAA,No aplica,,1930,3,PAA
PARTIDO NACIONAL,FS,,PAA,No aplica,,5050,8,PAA
PARTIDO NACIONAL,FS,,PAA,No aplica,,7130,3,PAA
CABILDO ABIERTO,FS,,PAA,No aplica,,333,2,PAA
CABILDO ABIERTO,FS,,PAA,No aplica,,577,1,PAA
FRENTE AMPLIO,FS,,PAA,No aplica,,152,1,PAA
FRENTE AMPLIO,FS,,PAA,No aplica,,177,3,PAA
FRENTE AMPLIO,FS,,PAA,No aplica,,190,2,PAA
FRENTE AMPLIO,FS,,PAA,No aplica,,810,14,PAA
FRENTE AMPLIO,FS,,PAA,No aplica,,971,1,PAA
FRENTE AMPLIO,FS,,PAA,No aplica,,1609,10,PAA
FRENTE AMPLIO,FS,,PAA,No aplica,,1939,3,PAA
FRENTE AMPLIO,FS,,PAA,No aplica,,18081,1,PAA
FRENTE AMPLIO,FS,,PAA,No aplica,,199000,1,PAA
FRENTE AMPLIO,FS,,PAA,No aplica,,319000,1,PAA
PARTIDO COLORADO,FS,,PAA,No aplica,,10,1,PAA
PARTIDO COLORADO,FS,,PAA,No aplica,,15,1,PAA
PARTIDO COLORADO,FS,,PAA,No aplica,,21,3,PAA
PARTIDO COLORADO,FS,,PAA,No aplica,,122,1,PAA
PARTIDO COLORADO,FS,,PAA,No aplica,,214,1,PAA
PARTIDO COLORADO,FS,,PAA,No aplica,,300,1,PAA
PARTIDO COLORADO,FS,,PAA,No aplica,,2025,3,PAA
PARTIDO COLORADO,FS,,PAA,No aplica,,7009,1,PAA
PARTIDO COLORADO,FS,,PAA,No aplica,,17600,1,PAA
PARTIDO COLORADO,FS,,PAA,No aplica,,101010,1,PAA
PARTIDO NACIONAL,FS,,PAA,No aplica,,1,2,PAA
PARTIDO NACIONAL,FS,,PAA,No aplica,,4,1,PAA
PARTIDO NACIONAL,FS,,PAA,No aplica,,9,2,PAA
PARTIDO NACIONAL,FS,,PAA,No aplica,,30,27,PAA
PARTIDO NACIONAL,FS,,PAA,No aplica,,50,22,PAA
PARTIDO NACIONAL,FS,,PAA,No aplica,,80,1,PAA
PARTIDO NACIONAL,FS,,PAA,No aplica,,430,2,PAA
PARTIDO NACIONAL,FS,,PAA,No aplica,,530,1,PAA
PARTIDO NACIONAL,FS,,PAA,No aplica,,714,1,PAA
PARTIDO NACIONAL,FS,,PAA,No aplica,,903,1,PAA
PARTIDO NACIONAL,FS,,PAA,No aplica,,1271,1,PAA
PARTIDO NACIONAL,FS,,PAA,No aplica,,1930,4,PAA
PARTIDO NACIONAL,FS,,PAA,No aplica,,5050,15,PAA
PARTIDO NACIONAL,FS,,PAA,No aplica,,7130,2,PAA
CABILDO ABIERTO,FS,,PAA,No aplica,,211,1,PAA
FRENTE AMPLIO,FS,,PAA,No aplica,,152,3,PAA
FRENTE AMPLIO,FS,,PAA,No aplica,,177,2,PAA
FRENTE AMPLIO,FS,,PAA,No aplica,,810,8,PAA
FRENTE AMPLIO,FS,,PAA,No aplica,,1441,1,PAA
FRENTE AMPLIO,FS,,PAA,No aplica,,1567,1,PAA
FRENTE AMPLIO,FS,,PAA,No aplica,,1609,12,PAA
FRENTE AMPLIO,FS,,PAA,No aplica,,1939,1,PAA
FRENTE AMPLIO,FS,,PAA,No aplica,,2001,1,PAA
FRENTE AMPLIO,FS,,PAA,No aplica,,11968,1,PAA
FRENTE AMPLIO,FS,,PAA,No aplica,,18081,2,PAA
FRENTE AMPLIO,FS,,PAA,No aplica,,319000,1,PAA
PARTIDO COLORADO,FS,,PAA,No aplica,,15,3,PAA
PARTIDO COLORADO,FS,,PAA,No aplica,,21,2,PAA
PARTIDO COLORADO,FS,,PAA,No aplica,,75,1,PAA
PARTIDO COLORADO,FS,,PAA,No aplica,,214,1,PAA
PARTIDO COLORADO,FS,,PAA,No aplica,,300,1,PAA
PARTIDO COLORADO,FS,,PAA,No aplica,,17600,3,PAA
PARTIDO NACIONAL,FS,,PAA,No aplica,,1,2,PAA
PARTIDO NACIONAL,FS,,PAA,No aplica,,4,2,PAA
PARTIDO NACIONAL,FS,,PAA,No aplica,,9,2,PAA
PARTIDO NACIONAL,FS,,PAA,No aplica,,30,37,PAA
PARTIDO NACIONAL,FS,,PAA,No aplica,,50,19,PAA
PARTIDO NACIONAL,FS,,PAA,No aplica,,80,4,PAA
PARTIDO NACIONAL,FS,,PAA,No aplica,,530,1,PAA
PARTIDO NACIONAL,FS,,PAA,No aplica,,903,4,PAA
PARTIDO NACIONAL,FS,,PAA,No aplica,,904,1,PAA
PARTIDO NACIONAL,FS,,PAA,No aplica,,1252,1,PAA
PARTIDO NACIONAL,FS,,PAA,No aplica,,1271,2,PAA
PARTIDO NACIONAL,FS,,PAA,No aplica,,1930,5,PAA
PARTIDO NACIONAL,FS,,PAA,No aplica,,5050,8,PAA
PARTIDO NACIONAL,FS,,PAA,No aplica,,7130,3,PAA
CABILDO ABIERTO,FS,,PAA,No aplica,,333,3,PAA
FRENTE AMPLIO,FS,,PAA,No aplica,,152,3,PAA
FRENTE AMPLIO,FS,,PAA,No aplica,,177,1,PAA
FRENTE AMPLIO,FS,,PAA,No aplica,,190,2,PAA
FRENTE AMPLIO,FS,,PAA,No aplica,,810,7,PAA
FRENTE AMPLIO,FS,,PAA,No aplica,,1609,14,PAA
FRENTE AMPLIO,FS,,PAA,No aplica,,11968,2,PAA
FRENTE AMPLIO,FS,,PAA,No aplica,,319000,1,PAA
PARTIDO COLORADO,FS,,PAA,No aplica,,15,2,PAA
PARTIDO COLORADO,FS,,PAA,No aplica,,21,7,PAA
PARTIDO COLORADO,FS,,PAA,No aplica,,122,4,PAA
PARTIDO COLORADO,FS,,PAA,No aplica,,310,2,PAA
PARTIDO COLORADO,FS,,PAA,No aplica,,2025,4,PAA
PARTIDO COLORADO,FS,,PAA,No aplica,,7009,1,PAA
PARTIDO COLORADO,FS,,PAA,No aplica,,17600,1,PAA
PARTIDO NACIONAL,FS,,PAA,No aplica,,1,1,PAA
PARTIDO NACIONAL,FS,,PAA,No aplica,,9,1,PAA
PARTIDO NACIONAL,FS,,PAA,No aplica,,30,29,PAA
PARTIDO NACIONAL,FS,,PAA,No aplica,,50,14,PAA
PARTIDO NACIONAL,FS,,PAA,No aplica,,80,5,PAA
PARTIDO NACIONAL,FS,,PAA,No aplica,,530,1,PAA
PARTIDO NACIONAL,FS,,PAA,No aplica,,714,2,PAA
PARTIDO NACIONAL,FS,,PAA,No aplica,,903,5,PAA
PARTIDO NACIONAL,FS,,PAA,No aplica,,1271,1,PAA
PARTIDO NACIONAL,FS,,PAA,No aplica,,1930,7,PAA
PARTIDO NACIONAL,FS,,PAA,No aplica,,5050,11,PAA
PARTIDO NACIONAL,FS,,PAA,No aplica,,7130,4,PAA
CABILDO ABIERTO,FS,,PAA,No aplica,,211,1,PAA
FRENTE AMPLIO,FS,,PAA,No aplica,,152,1,PAA
FRENTE AMPLIO,FS,,PAA,No aplica,,177,1,PAA
FRENTE AMPLIO,FS,,PAA,No aplica,,810,8,PAA
FRENTE AMPLIO,FS,,PAA,No aplica,,971,1,PAA
FRENTE AMPLIO,FS,,PAA,No aplica,,1567,1,PAA
FRENTE AMPLIO,FS,,PAA,No aplica,,1609,5,PAA
FRENTE AMPLIO,FS,,PAA,No aplica,,1939,2,PAA
FRENTE AMPLIO,FS,,PAA,No aplica,,2001,1,PAA
FRENTE AMPLIO,FS,,PAA,No aplica,,199000,1,PAA
PARTIDO COLORADO,FS,,PAA,No aplica,,15,2,PAA
PARTIDO COLORADO,FS,,PAA,No aplica,,21,2,PAA
PARTIDO COLORADO,FS,,PAA,No aplica,,75,3,PAA
PARTIDO COLORADO,FS,,PAA,No aplica,,122,1,PAA
PARTIDO COLORADO,FS,,PAA,No aplica,,310,3,PAA
PARTIDO COLORADO,FS,,PAA,No aplica,,2025,4,PAA
PARTIDO COLORADO,FS,,PAA,No aplica,,17600,2,PAA
PARTIDO COLORADO,FS,,PAA,No aplica,,101010,1,PAA
PARTIDO NACIONAL,FS,,PAA,No aplica,,1,3,PAA
PARTIDO NACIONAL,FS,,PAA,No aplica,,30,24,PAA
PARTIDO NACIONAL,FS,,PAA,No aplica,,50,11,PAA
PARTIDO NACIONAL,FS,,PAA,No aplica,,430,1,PAA
PARTIDO NACIONAL,FS,,PAA,No aplica,,530,1,PAA
PARTIDO NACIONAL,FS,,PAA,No aplica,,903,1,PAA
PARTIDO NACIONAL,FS,,PAA,No aplica,,1271,1,PAA
PARTIDO NACIONAL,FS,,PAA,No aplica,,1930,5,PAA
PARTIDO NACIONAL,FS,,PAA,No aplica,,5050,8,PAA
PARTIDO NACIONAL,FS,,PAA,No aplica,,7130,1,PAA
FRENTE AMPLIO,FS,,PAA,No aplica,,177,3,PAA
FRENTE AMPLIO,FS,,PAA,No aplica,,810,8,PAA
FRENTE AMPLIO,FS,,PAA,No aplica,,971,1,PAA
FRENTE AMPLIO,FS,,PAA,No aplica,,1609,7,PAA
FRENTE AMPLIO,FS,,PAA,No aplica,,1939,1,PAA
FRENTE AMPLIO,FS,,PAA,No aplica,,2001,1,PAA
FRENTE AMPLIO,FS,,PAA,No aplica,,18081,1,PAA
PARTIDO COLORADO,FS,,PAA,No aplica,,15,4,PAA
PARTIDO COLORADO,FS,,PAA,No aplica,,21,3,PAA
PARTIDO COLORADO,FS,,PAA,No aplica,,122,1,PAA
PARTIDO COLORADO,FS,,PAA,No aplica,,300,1,PAA
PARTIDO COLORADO,FS,,PAA,No aplica,,2025,2,PAA
PARTIDO COLORADO,FS,,PAA,No aplica,,7009,2,PAA
PARTIDO COLORADO,FS,,PAA,No aplica,,17600,2,PAA
PARTIDO NACIONAL,FS,,PAA,No aplica,,9,2,PAA
PARTIDO NACIONAL,FS,,PAA,No aplica,,30,20,PAA
PARTIDO NACIONAL,FS,,PAA,No aplica,,50,11,PAA
PARTIDO NACIONAL,FS,,PAA,No aplica,,80,2,PAA
PARTIDO NACIONAL,FS,,PAA,No aplica,,430,1,PAA
PARTIDO NACIONAL,FS,,PAA,No aplica,,714,1,PAA
PARTIDO NACIONAL,FS,,PAA,No aplica,,803,2,PAA
PARTIDO NACIONAL,FS,,PAA,No aplica,,903,4,PAA
PARTIDO NACIONAL,FS,,PAA,No aplica,,1271,2,PAA
PARTIDO NACIONAL,FS,,PAA,No aplica,,1930,2,PAA
PARTIDO NACIONAL,FS,,PAA,No aplica,,5050,11,PAA
PARTIDO NACIONAL,FS,,PAA,No aplica,,7130,1,PAA
FRENTE AMPLIO,FS,,PAA,No aplica,,810,11,PAA
FRENTE AMPLIO,FS,,PAA,No aplica,,1441,1,PAA
FRENTE AMPLIO,FS,,PAA,No aplica,,1609,10,PAA
FRENTE AMPLIO,FS,,PAA,No aplica,,1939,2,PAA
FRENTE AMPLIO,FS,,PAA,No aplica,,2001,2,PAA
FRENTE AMPLIO,FS,,PAA,No aplica,,18081,2,PAA
FRENTE AMPLIO,FS,,PAA,No aplica,,319000,3,PAA
PARTIDO COLORADO,FS,,PAA,No aplica,,15,2,PAA
PARTIDO COLORADO,FS,,PAA,No aplica,,21,3,PAA
PARTIDO COLORADO,FS,,PAA,No aplica,,75,1,PAA
PARTIDO COLORADO,FS,,PAA,No aplica,,122,1,PAA
PARTIDO COLORADO,FS,,PAA,No aplica,,214,1,PAA
PARTIDO COLORADO,FS,,PAA,No aplica,,300,3,PAA
PARTIDO COLORADO,FS,,PAA,No aplica,,7009,1,PAA
PARTIDO COLORADO,FS,,PAA,No aplica,,17600,4,PAA
PARTIDO COLORADO,FS,,PAA,No aplica,,101010,1,PAA
PARTIDO DE LA ARMON√çA,FS,,PAA,No aplica,,1369,1,PAA
PARTIDO INDEPENDIENTE,FS,,PAA,No aplica,,999,1,PAA
PARTIDO NACIONAL,FS,,PAA,No aplica,,4,1,PAA
PARTIDO NACIONAL,FS,,PAA,No aplica,,9,1,PAA
PARTIDO NACIONAL,FS,,PAA,No aplica,,30,19,PAA
PARTIDO NACIONAL,FS,,PAA,No aplica,,50,15,PAA
PARTIDO NACIONAL,FS,,PAA,No aplica,,80,3,PAA
PARTIDO NACIONAL,FS,,PAA,No aplica,,530,5,PAA
PARTIDO NACIONAL,FS,,PAA,No aplica,,714,1,PAA
PARTIDO NACIONAL,FS,,PAA,No aplica,,903,1,PAA
PARTIDO NACIONAL,FS,,PAA,No aplica,,904,1,PAA
PARTIDO NACIONAL,FS,,PAA,No aplica,,1271,1,PAA
PARTIDO NACIONAL,FS,,PAA,No aplica,,1930,1,PAA
PARTIDO NACIONAL,FS,,PAA,No aplica,,5050,10,PAA
PARTIDO NACIONAL,FS,,PAA,No aplica,,7130,2,PAA
CABILDO ABIERTO,FS,,PAA,No aplica,,333,1,PAA
FRENTE AMPLIO,FS,,PAA,No aplica,,152,1,PAA
FRENTE AMPLIO,FS,,PAA,No aplica,,177,5,PAA
FRENTE AMPLIO,FS,,PAA,No aplica,,810,11,PAA
FRENTE AMPLIO,FS,,PAA,No aplica,,1609,9,PAA
FRENTE AMPLIO,FS,,PAA,No aplica,,18081,1,PAA
PARTIDO COLORADO,FS,,PAA,No aplica,,15,1,PAA
PARTIDO COLORADO,FS,,PAA,No aplica,,70,1,PAA
PARTIDO COLORADO,FS,,PAA,No aplica,,75,1,PAA
PARTIDO COLORADO,FS,,PAA,No aplica,,122,1,PAA
PARTIDO COLORADO,FS,,PAA,No aplica,,2025,4,PAA
PARTIDO COLORADO,FS,,PAA,No aplica,,17600,2,PAA
PARTIDO NACIONAL,FS,,PAA,No aplica,,1,3,PAA
PARTIDO NACIONAL,FS,,PAA,No aplica,,4,1,PAA
PARTIDO NACIONAL,FS,,PAA,No aplica,,30,22,PAA
PARTIDO NACIONAL,FS,,PAA,No aplica,,50,24,PAA
PARTIDO NACIONAL,FS,,PAA,No aplica,,80,5,PAA
PARTIDO NACIONAL,FS,,PAA,No aplica,,430,1,PAA
PARTIDO NACIONAL,FS,,PAA,No aplica,,530,1,PAA
PARTIDO NACIONAL,FS,,PAA,No aplica,,714,1,PAA
PARTIDO NACIONAL,FS,,PAA,No aplica,,903,3,PAA
PARTIDO NACIONAL,FS,,PAA,No aplica,,1930,7,PAA
PARTIDO NACIONAL,FS,,PAA,No aplica,,5050,11,PAA
PARTIDO NACIONAL,FS,,PAA,No aplica,,7130,3,PAA
CABILDO ABIERTO,FS,,PAA,No aplica,,211,1,PAA
FRENTE AMPLIO,FS,,PAA,No aplica,,152,2,PAA
FRENTE AMPLIO,FS,,PAA,No aplica,,177,1,PAA
FRENTE AMPLIO,FS,,PAA,No aplica,,810,7,PAA
FRENTE AMPLIO,FS,,PAA,No aplica,,971,1,PAA
FRENTE AMPLIO,FS,,PAA,No aplica,,1609,9,PAA
FRENTE AMPLIO,FS,,PAA,No aplica,,1939,3,PAA
FRENTE AMPLIO,FS,,PAA,No aplica,,11968,1,PAA
FRENTE AMPLIO,FS,,PAA,No aplica,,18081,1,PAA
PARTIDO COLORADO,FS,,PAA,No aplica,,21,3,PAA
PARTIDO COLORADO,FS,,PAA,No aplica,,70,1,PAA
PARTIDO COLORADO,FS,,PAA,No aplica,,300,2,PAA
PARTIDO COLORADO,FS,,PAA,No aplica,,2025,1,PAA
PARTIDO COLORADO,FS,,PAA,No aplica,,7009,1,PAA
PARTIDO COLORADO,FS,,PAA,No aplica,,17600,1,PAA
PARTIDO NACIONAL,FS,,PAA,No aplica,,1,1,PAA
PARTIDO NACIONAL,FS,,PAA,No aplica,,4,1,PAA
PARTIDO NACIONAL,FS,,PAA,No aplica,,9,1,PAA
PARTIDO NACIONAL,FS,,PAA,No aplica,,30,41,PAA
PARTIDO NACIONAL,FS,,PAA,No aplica,,50,28,PAA
PARTIDO NACIONAL,FS,,PAA,No aplica,,903,6,PAA
PARTIDO NACIONAL,FS,,PAA,No aplica,,904,2,PAA
PARTIDO NACIONAL,FS,,PAA,No aplica,,1271,1,PAA
PARTIDO NACIONAL,FS,,PAA,No aplica,,1930,1,PAA
PARTIDO NACIONAL,FS,,PAA,No aplica,,5050,11,PAA
PARTIDO NACIONAL,FS,,PAA,No aplica,,7130,7,PAA
CABILDO ABIERTO,FS,,PAB,No aplica,,577,1,PAB
FRENTE AMPLIO,FS,,PAB,No aplica,,810,1,PAB
PARTIDO COLORADO,FS,,PAB,No aplica,,2025,2,PAB
PARTIDO NACIONAL,FS,,PAB,No aplica,,30,1,PAB
PARTIDO NACIONAL,FS,,PAB,No aplica,,50,1,PAB
PARTIDO NACIONAL,FS,,PAB,No aplica,,430,1,PAB
PARTIDO NACIONAL,FS,,PAB,No aplica,,903,1,PAB
PARTIDO NACIONAL,FS,,PAB,No aplica,,5050,2,PAB
PARTIDO NACIONAL,FS,,PAB,No aplica,,7130,2,PAB
CABILDO ABIERTO,FS,,PAC,No aplica,,211,1,PAC
FRENTE AMPLIO,FS,,PAC,No aplica,,810,1,PAC
FRENTE AMPLIO,FS,,PAC,No aplica,,1609,3,PAC
FRENTE AMPLIO,FS,,PAC,No aplica,,1939,1,PAC
PARTIDO COLORADO,FS,,PAC,No aplica,,10,4,PAC
PARTIDO COLORADO,FS,,PAC,No aplica,,15,2,PAC
PARTIDO COLORADO,FS,,PAC,No aplica,,21,2,PAC
PARTIDO COLORADO,FS,,PAC,No aplica,,122,5,PAC
PARTIDO COLORADO,FS,,PAC,No aplica,,2025,2,PAC
PARTIDO COLORADO,FS,,PAC,No aplica,,17600,2,PAC
PARTIDO NACIONAL,FS,,PAC,No aplica,,9,18,PAC
PARTIDO NACIONAL,FS,,PAC,No aplica,,30,34,PAC
PARTIDO NACIONAL,FS,,PAC,No aplica,,50,50,PAC
PARTIDO NACIONAL,FS,,PAC,No aplica,,80,1,PAC
PARTIDO NACIONAL,FS,,PAC,No aplica,,903,1,PAC
PARTIDO NACIONAL,FS,,PAC,No aplica,,904,2,PAC
PARTIDO NACIONAL,FS,,PAC,No aplica,,1930,2,PAC
PARTIDO NACIONAL,FS,,PAC,No aplica,,5050,14,PAC
PARTIDO NACIONAL,FS,,PAD,No aplica,,30,3,PAD
PARTIDO NACIONAL,FS,,PAD,No aplica,,50,6,PAD
CABILDO ABIERTO,FS,,PBA,No aplica,,211,1,PBA
CABILDO ABIERTO,FS,,PBA,No aplica,,333,1,PBA
CABILDO ABIERTO,FS,,PBA,No aplica,,577,1,PBA
FRENTE AMPLIO,FS,,PBA,No aplica,,177,1,PBA
FRENTE AMPLIO,FS,,PBA,No aplica,,810,4,PBA
FRENTE AMPLIO,FS,,PBA,No aplica,,971,2,PBA
FRENTE AMPLIO,FS,,PBA,No aplica,,1609,11,PBA
FRENTE AMPLIO,FS,,PBA,No aplica,,1939,1,PBA
PARTIDO COLORADO,FS,,PBA,No aplica,,10,1,PBA
PARTIDO COLORADO,FS,,PBA,No aplica,,15,3,PBA
PARTIDO COLORADO,FS,,PBA,No aplica,,21,5,PBA
PARTIDO COLORADO,FS,,PBA,No aplica,,70,2,PBA
PARTIDO COLORADO,FS,,PBA,No aplica,,75,1,PBA
PARTIDO COLORADO,FS,,PBA,No aplica,,122,1,PBA
PARTIDO COLORADO,FS,,PBA,No aplica,,214,3,PBA
PARTIDO COLORADO,FS,,PBA,No aplica,,300,2,PBA
PARTIDO COLORADO,FS,,PBA,No aplica,,2025,9,PBA
PARTIDO COLORADO,FS,,PBA,No aplica,,7009,1,PBA
PARTIDO COLORADO,FS,,PBA,No aplica,,17600,5,PBA
PARTIDO NACIONAL,FS,,PBA,No aplica,,1,2,PBA
PARTIDO NACIONAL,FS,,PBA,No aplica,,4,2,PBA
PARTIDO NACIONAL,FS,,PBA,No aplica,,30,55,PBA
PARTIDO NACIONAL,FS,,PBA,No aplica,,50,20,PBA
PARTIDO NACIONAL,FS,,PBA,No aplica,,80,2,PBA
PARTIDO NACIONAL,FS,,PBA,No aplica,,530,2,PBA
PARTIDO NACIONAL,FS,,PBA,No aplica,,803,1,PBA
PARTIDO NACIONAL,FS,,PBA,No aplica,,903,1,PBA
PARTIDO NACIONAL,FS,,PBA,No aplica,,904,7,PBA
PARTIDO NACIONAL,FS,,PBA,No aplica,,1271,1,PBA
PARTIDO NACIONAL,FS,,PBA,No aplica,,1930,1,PBA
PARTIDO NACIONAL,FS,,PBA,No aplica,,5050,9,PBA
CABILDO ABIERTO,FS,,PBA,No aplica,,211,1,PBA
CABILDO ABIERTO,FS,,PBA,No aplica,,577,1,PBA
FRENTE AMPLIO,FS,,PBA,No aplica,,177,4,PBA
FRENTE AMPLIO,FS,,PBA,No aplica,,810,8,PBA
FRENTE AMPLIO,FS,,PBA,No aplica,,971,2,PBA
FRENTE AMPLIO,FS,,PBA,No aplica,,1609,19,PBA
FRENTE AMPLIO,FS,,PBA,No aplica,,1939,1,PBA
FRENTE AMPLIO,FS,,PBA,No aplica,,18081,1,PBA
FRENTE AMPLIO,FS,,PBA,No aplica,,319000,1,PBA
PARTIDO COLORADO,FS,,PBA,No aplica,,10,1,PBA
PARTIDO COLORADO,FS,,PBA,No aplica,,15,6,PBA
PARTIDO COLORADO,FS,,PBA,No aplica,,21,2,PBA
PARTIDO COLORADO,FS,,PBA,No aplica,,70,2,PBA
PARTIDO COLORADO,FS,,PBA,No aplica,,75,3,PBA
PARTIDO COLORADO,FS,,PBA,No aplica,,122,3,PBA
PARTIDO COLORADO,FS,,PBA,No aplica,,214,2,PBA
PARTIDO COLORADO,FS,,PBA,No aplica,,300,1,PBA
PARTIDO COLORADO,FS,,PBA,No aplica,,2025,8,PBA
PARTIDO COLORADO,FS,,PBA,No aplica,,7009,2,PBA
PARTIDO COLORADO,FS,,PBA,No aplica,,17600,7,PBA
PARTIDO INDEPENDIENTE,FS,,PBA,No aplica,,999,2,PBA
PARTIDO NACIONAL,FS,,PBA,No aplica,,1,4,PBA
PARTIDO NACIONAL,FS,,PBA,No aplica,,9,1,PBA
PARTIDO NACIONAL,FS,,PBA,No aplica,,30,79,PBA
PARTIDO NACIONAL,FS,,PBA,No aplica,,50,39,PBA
PARTIDO NACIONAL,FS,,PBA,No aplica,,80,4,PBA
PARTIDO NACIONAL,FS,,PBA,No aplica,,430,1,PBA
PARTIDO NACIONAL,FS,,PBA,No aplica,,530,3,PBA
PARTIDO NACIONAL,FS,,PBA,No aplica,,903,3,PBA
PARTIDO NACIONAL,FS,,PBA,No aplica,,904,2,PBA
PARTIDO NACIONAL,FS,,PBA,No aplica,,1271,1,PBA
PARTIDO NACIONAL,FS,,PBA,No aplica,,1930,1,PBA
PARTIDO NACIONAL,FS,,PBA,No aplica,,5050,14,PBA
PARTIDO NACIONAL,FS,,PBA,No aplica,,7130,2,PBA
CABILDO ABIERTO,FS,,PBA,No aplica,,333,2,PBA
FRENTE AMPLIO,FS,,PBA,No aplica,,177,5,PBA
FRENTE AMPLIO,FS,,PBA,No aplica,,810,11,PBA
FRENTE AMPLIO,FS,,PBA,No aplica,,971,2,PBA
FRENTE AMPLIO,FS,,PBA,No aplica,,1609,15,PBA
FRENTE AMPLIO,FS,,PBA,No aplica,,1939,1,PBA
FRENTE AMPLIO,FS,,PBA,No aplica,,2001,1,PBA
FRENTE AMPLIO,FS,,PBA,No aplica,,319000,1,PBA
PARTIDO COLORADO,FS,,PBA,No aplica,,10,1,PBA
PARTIDO COLORADO,FS,,PBA,No aplica,,15,2,PBA
PARTIDO COLORADO,FS,,PBA,No aplica,,21,5,PBA
PARTIDO COLORADO,FS,,PBA,No aplica,,70,2,PBA
PARTIDO COLORADO,FS,,PBA,No aplica,,75,3,PBA
PARTIDO COLORADO,FS,,PBA,No aplica,,122,1,PBA
PARTIDO COLORADO,FS,,PBA,No aplica,,214,1,PBA
PARTIDO COLORADO,FS,,PBA,No aplica,,300,1,PBA
PARTIDO COLORADO,FS,,PBA,No aplica,,2025,1,PBA
PARTIDO COLORADO,FS,,PBA,No aplica,,7009,1,PBA
PARTIDO COLORADO,FS,,PBA,No aplica,,17600,5,PBA
PARTIDO INDEPENDIENTE,FS,,PBA,No aplica,,999,1,PBA
PARTIDO NACIONAL,FS,,PBA,No aplica,,1,4,PBA
PARTIDO NACIONAL,FS,,PBA,No aplica,,4,1,PBA
PARTIDO NACIONAL,FS,,PBA,No aplica,,9,2,PBA
PARTIDO NACIONAL,FS,,PBA,No aplica,,30,72,PBA
PARTIDO NACIONAL,FS,,PBA,No aplica,,50,41,PBA
PARTIDO NACIONAL,FS,,PBA,No aplica,,80,4,PBA
PARTIDO NACIONAL,FS,,PBA,No aplica,,430,1,PBA
PARTIDO NACIONAL,FS,,PBA,No aplica,,530,1,PBA
PARTIDO NACIONAL,FS,,PBA,No aplica,,903,6,PBA
PARTIDO NACIONAL,FS,,PBA,No aplica,,904,2,PBA
PARTIDO NACIONAL,FS,,PBA,No aplica,,5050,17,PBA
PARTIDO NACIONAL,FS,,PBA,No aplica,,7130,2,PBA
CABILDO ABIERTO,FS,,PBA,No aplica,,211,1,PBA
CABILDO ABIERTO,FS,,PBA,No aplica,,333,2,PBA
CABILDO ABIERTO,FS,,PBA,No aplica,,577,1,PBA
FRENTE AMPLIO,FS,,PBA,No aplica,,152,1,PBA
FRENTE AMPLIO,FS,,PBA,No aplica,,177,3,PBA
FRENTE AMPLIO,FS,,PBA,No aplica,,190,1,PBA
FRENTE AMPLIO,FS,,PBA,No aplica,,810,11,PBA
FRENTE AMPLIO,FS,,PBA,No aplica,,971,3,PBA
FRENTE AMPLIO,FS,,PBA,No aplica,,1609,14,PBA
FRENTE AMPLIO,FS,,PBA,No aplica,,1939,1,PBA
PARTIDO COLORADO,FS,,PBA,No aplica,,15,2,PBA
PARTIDO COLORADO,FS,,PBA,No aplica,,21,8,PBA
PARTIDO COLORADO,FS,,PBA,No aplica,,70,3,PBA
PARTIDO COLORADO,FS,,PBA,No aplica,,75,2,PBA
PARTIDO COLORADO,FS,,PBA,No aplica,,214,1,PBA
PARTIDO COLORADO,FS,,PBA,No aplica,,300,1,PBA
PARTIDO COLORADO,FS,,PBA,No aplica,,2025,7,PBA
PARTIDO COLORADO,FS,,PBA,No aplica,,7009,1,PBA
PARTIDO COLORADO,FS,,PBA,No aplica,,17600,5,PBA
PARTIDO NACIONAL,FS,,PBA,No aplica,,1,2,PBA
PARTIDO NACIONAL,FS,,PBA,No aplica,,4,4,PBA
PARTIDO NACIONAL,FS,,PBA,No aplica,,9,1,PBA
PARTIDO NACIONAL,FS,,PBA,No aplica,,30,79,PBA
PARTIDO NACIONAL,FS,,PBA,No aplica,,50,31,PBA
PARTIDO NACIONAL,FS,,PBA,No aplica,,80,6,PBA
PARTIDO NACIONAL,FS,,PBA,No aplica,,430,1,PBA
PARTIDO NACIONAL,FS,,PBA,No aplica,,530,4,PBA
PARTIDO NACIONAL,FS,,PBA,No aplica,,803,1,PBA
PARTIDO NACIONAL,FS,,PBA,No aplica,,903,6,PBA
PARTIDO NACIONAL,FS,,PBA,No aplica,,904,4,PBA
PARTIDO NACIONAL,FS,,PBA,No aplica,,1271,5,PBA
PARTIDO NACIONAL,FS,,PBA,No aplica,,1930,2,PBA
PARTIDO NACIONAL,FS,,PBA,No aplica,,5050,10,PBA
PARTIDO NACIONAL,FS,,PBA,No aplica,,7130,5,PBA
CABILDO ABIERTO,FS,,PBA,No aplica,,211,2,PBA
CABILDO ABIERTO,FS,,PBA,No aplica,,333,1,PBA
CABILDO ABIERTO,FS,,PBA,No aplica,,577,2,PBA
FRENTE AMPLIO,FS,,PBA,No aplica,,152,1,PBA
FRENTE AMPLIO,FS,,PBA,No aplica,,177,7,PBA
FRENTE AMPLIO,FS,,PBA,No aplica,,190,1,PBA
FRENTE AMPLIO,FS,,PBA,No aplica,,810,5,PBA
FRENTE AMPLIO,FS,,PBA,No aplica,,971,2,PBA
FRENTE AMPLIO,FS,,PBA,No aplica,,1441,1,PBA
FRENTE AMPLIO,FS,,PBA,No aplica,,1609,23,PBA
FRENTE AMPLIO,FS,,PBA,No aplica,,1939,4,PBA
FRENTE AMPLIO,FS,,PBA,No aplica,,18081,2,PBA
PARTIDO COLORADO,FS,,PBA,No aplica,,21,2,PBA
PARTIDO COLORADO,FS,,PBA,No aplica,,70,3,PBA
PARTIDO COLORADO,FS,,PBA,No aplica,,75,2,PBA
PARTIDO COLORADO,FS,,PBA,No aplica,,122,1,PBA
PARTIDO COLORADO,FS,,PBA,No aplica,,214,3,PBA
PARTIDO COLORADO,FS,,PBA,No aplica,,300,1,PBA
PARTIDO COLORADO,FS,,PBA,No aplica,,2025,10,PBA
PARTIDO COLORADO,FS,,PBA,No aplica,,7009,3,PBA
PARTIDO COLORADO,FS,,PBA,No aplica,,17600,2,PBA
PARTIDO COLORADO,FS,,PBA,No aplica,,101010,1,PBA
PARTIDO NACIONAL,FS,,PBA,No aplica,,1,2,PBA
PARTIDO NACIONAL,FS,,PBA,No aplica,,4,1,PBA
PARTIDO NACIONAL,FS,,PBA,No aplica,,9,4,PBA
PARTIDO NACIONAL,FS,,PBA,No aplica,,30,77,PBA
PARTIDO NACIONAL,FS,,PBA,No aplica,,50,35,PBA
PARTIDO NACIONAL,FS,,PBA,No aplica,,80,1,PBA
PARTIDO NACIONAL,FS,,PBA,No aplica,,530,5,PBA
PARTIDO NACIONAL,FS,,PBA,No aplica,,714,3,PBA
PARTIDO NACIONAL,FS,,PBA,No aplica,,803,3,PBA
PARTIDO NACIONAL,FS,,PBA,No aplica,,903,7,PBA
PARTIDO NACIONAL,FS,,PBA,No aplica,,904,1,PBA
PARTIDO NACIONAL,FS,,PBA,No aplica,,1271,2,PBA
PARTIDO NACIONAL,FS,,PBA,No aplica,,1930,3,PBA
PARTIDO NACIONAL,FS,,PBA,No aplica,,5050,9,PBA
PARTIDO NACIONAL,FS,,PBA,No aplica,,7130,2,PBA
CABILDO ABIERTO,FS,,PBA,No aplica,,211,2,PBA
CABILDO ABIERTO,FS,,PBA,No aplica,,333,2,PBA
CABILDO ABIERTO,FS,,PBA,No aplica,,577,1,PBA
FRENTE AMPLIO,FS,,PBA,No aplica,,152,2,PBA
FRENTE AMPLIO,FS,,PBA,No aplica,,177,4,PBA
FRENTE AMPLIO,FS,,PBA,No aplica,,810,13,PBA
FRENTE AMPLIO,FS,,PBA,No aplica,,971,4,PBA
FRENTE AMPLIO,FS,,PBA,No aplica,,1609,14,PBA
FRENTE AMPLIO,FS,,PBA,No aplica,,1939,3,PBA
FRENTE AMPLIO,FS,,PBA,No aplica,,2001,2,PBA
FRENTE AMPLIO,FS,,PBA,No aplica,,11968,1,PBA
FRENTE AMPLIO,FS,,PBA,No aplica,,18081,2,PBA
FRENTE AMPLIO,FS,,PBA,No aplica,,319000,1,PBA
PARTIDO COLORADO,FS,,PBA,No aplica,,10,1,PBA
PARTIDO COLORADO,FS,,PBA,No aplica,,15,1,PBA
PARTIDO COLORADO,FS,,PBA,No aplica,,21,2,PBA
PARTIDO COLORADO,FS,,PBA,No aplica,,70,1,PBA
PARTIDO COLORADO,FS,,PBA,No aplica,,75,1,PBA
PARTIDO COLORADO,FS,,PBA,No aplica,,122,1,PBA
PARTIDO COLORADO,FS,,PBA,No aplica,,214,1,PBA
PARTIDO COLORADO,FS,,PBA,No aplica,,300,1,PBA
PARTIDO COLORADO,FS,,PBA,No aplica,,2025,3,PBA
PARTIDO COLORADO,FS,,PBA,No aplica,,7009,1,PBA
PARTIDO COLORADO,FS,,PBA,No aplica,,17600,3,PBA
PARTIDO NACIONAL,FS,,PBA,No aplica,,1,2,PBA
PARTIDO NACIONAL,FS,,PBA,No aplica,,9,4,PBA
PARTIDO NACIONAL,FS,,PBA,No aplica,,30,84,PBA
PARTIDO NACIONAL,FS,,PBA,No aplica,,50,30,PBA
PARTIDO NACIONAL,FS,,PBA,No aplica,,80,9,PBA
PARTIDO NACIONAL,FS,,PBA,No aplica,,430,1,PBA
PARTIDO NACIONAL,FS,,PBA,No aplica,,530,2,PBA
PARTIDO NACIONAL,FS,,PBA,No aplica,,803,1,PBA
PARTIDO NACIONAL,FS,,PBA,No aplica,,903,6,PBA
PARTIDO NACIONAL,FS,,PBA,No aplica,,904,4,PBA
PARTIDO NACIONAL,FS,,PBA,No aplica,,1271,2,PBA
PARTIDO NACIONAL,FS,,PBA,No aplica,,1930,1,PBA
PARTIDO NACIONAL,FS,,PBA,No aplica,,5050,4,PBA
PARTIDO NACIONAL,FS,,PBA,No aplica,,7130,3,PBA
CABILDO ABIERTO,FS,,PBA,No aplica,,333,2,PBA
CABILDO ABIERTO,FS,,PBA,No aplica,,577,1,PBA
FRENTE AMPLIO,FS,,PBA,No aplica,,152,1,PBA
FRENTE AMPLIO,FS,,PBA,No aplica,,177,5,PBA
FRENTE AMPLIO,FS,,PBA,No aplica,,810,5,PBA
FRENTE AMPLIO,FS,,PBA,No aplica,,971,3,PBA
FRENTE AMPLIO,FS,,PBA,No aplica,,1609,11,PBA
FRENTE AMPLIO,FS,,PBA,No aplica,,1939,2,PBA
FRENTE AMPLIO,FS,,PBA,No aplica,,18081,1,PBA
PARTIDO COLORADO,FS,,PBA,No aplica,,15,1,PBA
PARTIDO COLORADO,FS,,PBA,No aplica,,21,3,PBA
PARTIDO COLORADO,FS,,PBA,No aplica,,70,2,PBA
PARTIDO COLORADO,FS,,PBA,No aplica,,122,1,PBA
PARTIDO COLORADO,FS,,PBA,No aplica,,214,1,PBA
PARTIDO COLORADO,FS,,PBA,No aplica,,300,1,PBA
PARTIDO COLORADO,FS,,PBA,No aplica,,2025,5,PBA
PARTIDO COLORADO,FS,,PBA,No aplica,,7009,1,PBA
PARTIDO COLORADO,FS,,PBA,No aplica,,17600,6,PBA
PARTIDO INDEPENDIENTE,FS,,PBA,No aplica,,999,1,PBA
PARTIDO NACIONAL,FS,,PBA,No aplica,,1,4,PBA
PARTIDO NACIONAL,FS,,PBA,No aplica,,4,1,PBA
PARTIDO NACIONAL,FS,,PBA,No aplica,,9,2,PBA
PARTIDO NACIONAL,FS,,PBA,No aplica,,30,66,PBA
PARTIDO NACIONAL,FS,,PBA,No aplica,,50,30,PBA
PARTIDO NACIONAL,FS,,PBA,No aplica,,80,1,PBA
PARTIDO NACIONAL,FS,,PBA,No aplica,,430,1,PBA
PARTIDO NACIONAL,FS,,PBA,No aplica,,803,1,PBA
PARTIDO NACIONAL,FS,,PBA,No aplica,,903,7,PBA
PARTIDO NACIONAL,FS,,PBA,No aplica,,904,3,PBA
PARTIDO NACIONAL,FS,,PBA,No aplica,,1271,4,PBA
PARTIDO NACIONAL,FS,,PBA,No aplica,,1930,4,PBA
PARTIDO NACIONAL,FS,,PBA,No aplica,,5050,14,PBA
PARTIDO NACIONAL,FS,,PBA,No aplica,,7130,1,PBA
CABILDO ABIERTO,FS,,PBA,No aplica,,333,1,PBA
CABILDO ABIERTO,FS,,PBA,No aplica,,577,1,PBA
FRENTE AMPLIO,FS,,PBA,No aplica,,152,1,PBA
FRENTE AMPLIO,FS,,PBA,No aplica,,177,9,PBA
FRENTE AMPLIO,FS,,PBA,No aplica,,810,6,PBA
FRENTE AMPLIO,FS,,PBA,No aplica,,971,3,PBA
FRENTE AMPLIO,FS,,PBA,No aplica,,1567,1,PBA
FRENTE AMPLIO,FS,,PBA,No aplica,,1609,27,PBA
FRENTE AMPLIO,FS,,PBA,No aplica,,1939,3,PBA
FRENTE AMPLIO,FS,,PBA,No aplica,,2001,2,PBA
FRENTE AMPLIO,FS,,PBA,No aplica,,11968,1,PBA
FRENTE AMPLIO,FS,,PBA,No aplica,,18081,3,PBA
FRENTE AMPLIO,FS,,PBA,No aplica,,319000,1,PBA
PARTIDO COLORADO,FS,,PBA,No aplica,,15,2,PBA
PARTIDO COLORADO,FS,,PBA,No aplica,,21,2,PBA
PARTIDO COLORADO,FS,,PBA,No aplica,,70,1,PBA
PARTIDO COLORADO,FS,,PBA,No aplica,,75,1,PBA
PARTIDO COLORADO,FS,,PBA,No aplica,,122,2,PBA
PARTIDO COLORADO,FS,,PBA,No aplica,,300,1,PBA
PARTIDO COLORADO,FS,,PBA,No aplica,,2025,5,PBA
PARTIDO COLORADO,FS,,PBA,No aplica,,7009,3,PBA
PARTIDO COLORADO,FS,,PBA,No aplica,,17600,2,PBA
PARTIDO COLORADO,FS,,PBA,No aplica,,101010,1,PBA
PARTIDO INDEPENDIENTE,FS,,PBA,No aplica,,999,2,PBA
PARTIDO NACIONAL,FS,,PBA,No aplica,,1,2,PBA
PARTIDO NACIONAL,FS,,PBA,No aplica,,4,1,PBA
PARTIDO NACIONAL,FS,,PBA,No aplica,,9,5,PBA
PARTIDO NACIONAL,FS,,PBA,No aplica,,30,66,PBA
PARTIDO NACIONAL,FS,,PBA,No aplica,,50,30,PBA
PARTIDO NACIONAL,FS,,PBA,No aplica,,80,4,PBA
PARTIDO NACIONAL,FS,,PBA,No aplica,,530,4,PBA
PARTIDO NACIONAL,FS,,PBA,No aplica,,714,1,PBA
PARTIDO NACIONAL,FS,,PBA,No aplica,,903,6,PBA
PARTIDO NACIONAL,FS,,PBA,No aplica,,904,2,PBA
PARTIDO NACIONAL,FS,,PBA,No aplica,,1271,3,PBA
PARTIDO NACIONAL,FS,,PBA,No aplica,,1930,2,PBA
PARTIDO NACIONAL,FS,,PBA,No aplica,,5050,11,PBA
PARTIDO NACIONAL,FS,,PBA,No aplica,,7130,6,PBA
CABILDO ABIERTO,FS,,PBA,No aplica,,211,2,PBA
CABILDO ABIERTO,FS,,PBA,No aplica,,333,2,PBA
CABILDO ABIERTO,FS,,PBA,No aplica,,577,2,PBA
FRENTE AMPLIO,FS,,PBA,No aplica,,152,1,PBA
FRENTE AMPLIO,FS,,PBA,No aplica,,177,1,PBA
FRENTE AMPLIO,FS,,PBA,No aplica,,810,6,PBA
FRENTE AMPLIO,FS,,PBA,No aplica,,971,1,PBA
FRENTE AMPLIO,FS,,PBA,No aplica,,1609,15,PBA
FRENTE AMPLIO,FS,,PBA,No aplica,,1939,2,PBA
FRENTE AMPLIO,FS,,PBA,No aplica,,2001,1,PBA
FRENTE AMPLIO,FS,,PBA,No aplica,,11968,1,PBA
FRENTE AMPLIO,FS,,PBA,No aplica,,18081,1,PBA
FRENTE AMPLIO,FS,,PBA,No aplica,,199000,1,PBA
PARTIDO COLORADO,FS,,PBA,No aplica,,15,2,PBA
PARTIDO COLORADO,FS,,PBA,No aplica,,21,4,PBA
PARTIDO COLORADO,FS,,PBA,No aplica,,70,1,PBA
PARTIDO COLORADO,FS,,PBA,No aplica,,75,1,PBA
PARTIDO COLORADO,FS,,PBA,No aplica,,122,1,PBA
PARTIDO COLORADO,FS,,PBA,No aplica,,214,1,PBA
PARTIDO COLORADO,FS,,PBA,No aplica,,300,2,PBA
PARTIDO COLORADO,FS,,PBA,No aplica,,2025,5,PBA
PARTIDO COLORADO,FS,,PBA,No aplica,,7009,2,PBA
PARTIDO COLORADO,FS,,PBA,No aplica,,17600,6,PBA
PARTIDO NACIONAL,FS,,PBA,No aplica,,1,5,PBA
PARTIDO NACIONAL,FS,,PBA,No aplica,,4,1,PBA
PARTIDO NACIONAL,FS,,PBA,No aplica,,9,10,PBA
PARTIDO NACIONAL,FS,,PBA,No aplica,,30,54,PBA
PARTIDO NACIONAL,FS,,PBA,No aplica,,50,39,PBA
PARTIDO NACIONAL,FS,,PBA,No aplica,,80,4,PBA
PARTIDO NACIONAL,FS,,PBA,No aplica,,430,2,PBA
PARTIDO NACIONAL,FS,,PBA,No aplica,,530,2,PBA
PARTIDO NACIONAL,FS,,PBA,No aplica,,714,3,PBA
PARTIDO NACIONAL,FS,,PBA,No aplica,,903,4,PBA
PARTIDO NACIONAL,FS,,PBA,No aplica,,1271,3,PBA
PARTIDO NACIONAL,FS,,PBA,No aplica,,1930,4,PBA
PARTIDO NACIONAL,FS,,PBA,No aplica,,5050,13,PBA
PARTIDO NACIONAL,FS,,PBA,No aplica,,7130,1,PBA
CABILDO ABIERTO,FS,,PBA,No aplica,,211,2,PBA
CABILDO ABIERTO,FS,,PBA,No aplica,,333,1,PBA
FRENTE AMPLIO,FS,,PBA,No aplica,,152,2,PBA
FRENTE AMPLIO,FS,,PBA,No aplica,,177,6,PBA
FRENTE AMPLIO,FS,,PBA,No aplica,,810,12,PBA
FRENTE AMPLIO,FS,,PBA,No aplica,,971,4,PBA
FRENTE AMPLIO,FS,,PBA,No aplica,,1441,1,PBA
FRENTE AMPLIO,FS,,PBA,No aplica,,1609,11,PBA
FRENTE AMPLIO,FS,,PBA,No aplica,,1939,2,PBA
FRENTE AMPLIO,FS,,PBA,No aplica,,2001,1,PBA
FRENTE AMPLIO,FS,,PBA,No aplica,,11968,2,PBA
FRENTE AMPLIO,FS,,PBA,No aplica,,319000,1,PBA
PARTIDO COLORADO,FS,,PBA,No aplica,,10,1,PBA
PARTIDO COLORADO,FS,,PBA,No aplica,,15,3,PBA
PARTIDO COLORADO,FS,,PBA,No aplica,,21,2,PBA
PARTIDO COLORADO,FS,,PBA,No aplica,,75,1,PBA
PARTIDO COLORADO,FS,,PBA,No aplica,,122,3,PBA
PARTIDO COLORADO,FS,,PBA,No aplica,,300,1,PBA
PARTIDO COLORADO,FS,,PBA,No aplica,,2025,7,PBA
PARTIDO COLORADO,FS,,PBA,No aplica,,7009,3,PBA
PARTIDO COLORADO,FS,,PBA,No aplica,,17600,5,PBA
PARTIDO NACIONAL,FS,,PBA,No aplica,,1,3,PBA
PARTIDO NACIONAL,FS,,PBA,No aplica,,4,1,PBA
PARTIDO NACIONAL,FS,,PBA,No aplica,,9,2,PBA
PARTIDO NACIONAL,FS,,PBA,No aplica,,30,66,PBA
PARTIDO NACIONAL,FS,,PBA,No aplica,,50,33,PBA
PARTIDO NACIONAL,FS,,PBA,No aplica,,80,6,PBA
PARTIDO NACIONAL,FS,,PBA,No aplica,,530,4,PBA
PARTIDO NACIONAL,FS,,PBA,No aplica,,714,1,PBA
PARTIDO NACIONAL,FS,,PBA,No aplica,,803,2,PBA
PARTIDO NACIONAL,FS,,PBA,No aplica,,903,2,PBA
PARTIDO NACIONAL,FS,,PBA,No aplica,,904,2,PBA
PARTIDO NACIONAL,FS,,PBA,No aplica,,1271,2,PBA
PARTIDO NACIONAL,FS,,PBA,No aplica,,1930,6,PBA
PARTIDO NACIONAL,FS,,PBA,No aplica,,5050,12,PBA
PARTIDO NACIONAL,FS,,PBA,No aplica,,7130,8,PBA
CABILDO ABIERTO,FS,,PBA,No aplica,,211,1,PBA
CABILDO ABIERTO,FS,,PBA,No aplica,,333,1,PBA
CABILDO ABIERTO,FS,,PBA,No aplica,,577,1,PBA
FRENTE AMPLIO,FS,,PBA,No aplica,,152,1,PBA
FRENTE AMPLIO,FS,,PBA,No aplica,,177,6,PBA
FRENTE AMPLIO,FS,,PBA,No aplica,,190,2,PBA
FRENTE AMPLIO,FS,,PBA,No aplica,,810,8,PBA
FRENTE AMPLIO,FS,,PBA,No aplica,,971,2,PBA
FRENTE AMPLIO,FS,,PBA,No aplica,,1609,24,PBA
FRENTE AMPLIO,FS,,PBA,No aplica,,1939,5,PBA
FRENTE AMPLIO,FS,,PBA,No aplica,,2001,1,PBA
FRENTE AMPLIO,FS,,PBA,No aplica,,18081,1,PBA
FRENTE AMPLIO,FS,,PBA,No aplica,,319000,1,PBA
PARTIDO COLORADO,FS,,PBA,No aplica,,15,2,PBA
PARTIDO COLORADO,FS,,PBA,No aplica,,21,4,PBA
PARTIDO COLORADO,FS,,PBA,No aplica,,70,2,PBA
PARTIDO COLORADO,FS,,PBA,No aplica,,75,1,PBA
PARTIDO COLORADO,FS,,PBA,No aplica,,122,1,PBA
PARTIDO COLORADO,FS,,PBA,No aplica,,300,2,PBA
PARTIDO COLORADO,FS,,PBA,No aplica,,2025,4,PBA
PARTIDO COLORADO,FS,,PBA,No aplica,,7009,1,PBA
PARTIDO COLORADO,FS,,PBA,No aplica,,17600,5,PBA
PARTIDO INDEPENDIENTE,FS,,PBA,No aplica,,999,2,PBA
PARTIDO NACIONAL,FS,,PBA,No aplica,,1,3,PBA
PARTIDO NACIONAL,FS,,PBA,No aplica,,9,5,PBA
PARTIDO NACIONAL,FS,,PBA,No aplica,,30,53,PBA
PARTIDO NACIONAL,FS,,PBA,No aplica,,50,31,PBA
PARTIDO NACIONAL,FS,,PBA,No aplica,,80,1,PBA
PARTIDO NACIONAL,FS,,PBA,No aplica,,530,2,PBA
PARTIDO NACIONAL,FS,,PBA,No aplica,,714,1,PBA
PARTIDO NACIONAL,FS,,PBA,No aplica,,803,1,PBA
PARTIDO NACIONAL,FS,,PBA,No aplica,,903,4,PBA
PARTIDO NACIONAL,FS,,PBA,No aplica,,904,2,PBA
PARTIDO NACIONAL,FS,,PBA,No aplica,,1271,4,PBA
PARTIDO NACIONAL,FS,,PBA,No aplica,,1930,1,PBA
PARTIDO NACIONAL,FS,,PBA,No aplica,,5050,10,PBA
PARTIDO NACIONAL,FS,,PBA,No aplica,,7130,2,PBA
FRENTE AMPLIO,FS,,PBA,No aplica,,152,1,PBA
FRENTE AMPLIO,FS,,PBA,No aplica,,177,1,PBA
FRENTE AMPLIO,FS,,PBA,No aplica,,190,2,PBA
FRENTE AMPLIO,FS,,PBA,No aplica,,810,12,PBA
FRENTE AMPLIO,FS,,PBA,No aplica,,971,5,PBA
FRENTE AMPLIO,FS,,PBA,No aplica,,1609,23,PBA
FRENTE AMPLIO,FS,,PBA,No aplica,,2001,3,PBA
FRENTE AMPLIO,FS,,PBA,No aplica,,18081,2,PBA
FRENTE AMPLIO,FS,,PBA,No aplica,,319000,1,PBA
PARTIDO COLORADO,FS,,PBA,No aplica,,15,2,PBA
PARTIDO COLORADO,FS,,PBA,No aplica,,21,2,PBA
PARTIDO COLORADO,FS,,PBA,No aplica,,70,3,PBA
PARTIDO COLORADO,FS,,PBA,No aplica,,75,2,PBA
PARTIDO COLORADO,FS,,PBA,No aplica,,122,2,PBA
PARTIDO COLORADO,FS,,PBA,No aplica,,300,1,PBA
PARTIDO COLORADO,FS,,PBA,No aplica,,2025,2,PBA
PARTIDO COLORADO,FS,,PBA,No aplica,,7009,1,PBA
PARTIDO COLORADO,FS,,PBA,No aplica,,17600,5,PBA
PARTIDO NACIONAL,FS,,PBA,No aplica,,1,1,PBA
PARTIDO NACIONAL,FS,,PBA,No aplica,,4,1,PBA
PARTIDO NACIONAL,FS,,PBA,No aplica,,9,6,PBA
PARTIDO NACIONAL,FS,,PBA,No aplica,,30,53,PBA
PARTIDO NACIONAL,FS,,PBA,No aplica,,50,29,PBA
PARTIDO NACIONAL,FS,,PBA,No aplica,,80,3,PBA
PARTIDO NACIONAL,FS,,PBA,No aplica,,803,1,PBA
PARTIDO NACIONAL,FS,,PBA,No aplica,,903,3,PBA
PARTIDO NACIONAL,FS,,PBA,No aplica,,904,4,PBA
PARTIDO NACIONAL,FS,,PBA,No aplica,,1271,5,PBA
PARTIDO NACIONAL,FS,,PBA,No aplica,,1930,3,PBA
PARTIDO NACIONAL,FS,,PBA,No aplica,,5050,9,PBA
PARTIDO NACIONAL,FS,,PBA,No aplica,,7130,4,PBA
CABILDO ABIERTO,FS,,PBA,No aplica,,211,1,PBA
CABILDO ABIERTO,FS,,PBA,No aplica,,333,1,PBA
CABILDO ABIERTO,FS,,PBA,No aplica,,577,1,PBA
FRENTE AMPLIO,FS,,PBA,No aplica,,177,3,PBA
FRENTE AMPLIO,FS,,PBA,No aplica,,190,1,PBA
FRENTE AMPLIO,FS,,PBA,No aplica,,810,8,PBA
FRENTE AMPLIO,FS,,PBA,No aplica,,971,2,PBA
FRENTE AMPLIO,FS,,PBA,No aplica,,1609,27,PBA
FRENTE AMPLIO,FS,,PBA,No aplica,,1939,2,PBA
FRENTE AMPLIO,FS,,PBA,No aplica,,11968,2,PBA
FRENTE AMPLIO,FS,,PBA,No aplica,,18081,1,PBA
PARTIDO COLORADO,FS,,PBA,No aplica,,15,3,PBA
PARTIDO COLORADO,FS,,PBA,No aplica,,21,1,PBA
PARTIDO COLORADO,FS,,PBA,No aplica,,70,1,PBA
PARTIDO COLORADO,FS,,PBA,No aplica,,75,1,PBA
PARTIDO COLORADO,FS,,PBA,No aplica,,122,1,PBA
PARTIDO COLORADO,FS,,PBA,No aplica,,214,1,PBA
PARTIDO COLORADO,FS,,PBA,No aplica,,300,3,PBA
PARTIDO COLORADO,FS,,PBA,No aplica,,310,1,PBA
PARTIDO COLORADO,FS,,PBA,No aplica,,2025,5,PBA
PARTIDO COLORADO,FS,,PBA,No aplica,,7009,1,PBA
PARTIDO COLORADO,FS,,PBA,No aplica,,17600,3,PBA
PARTIDO NACIONAL,FS,,PBA,No aplica,,4,1,PBA
PARTIDO NACIONAL,FS,,PBA,No aplica,,9,2,PBA
PARTIDO NACIONAL,FS,,PBA,No aplica,,30,72,PBA
PARTIDO NACIONAL,FS,,PBA,No aplica,,50,14,PBA
PARTIDO NACIONAL,FS,,PBA,No aplica,,80,4,PBA
PARTIDO NACIONAL,FS,,PBA,No aplica,,430,1,PBA
PARTIDO NACIONAL,FS,,PBA,No aplica,,530,2,PBA
PARTIDO NACIONAL,FS,,PBA,No aplica,,904,1,PBA
PARTIDO NACIONAL,FS,,PBA,No aplica,,1271,2,PBA
PARTIDO NACIONAL,FS,,PBA,No aplica,,1930,6,PBA
PARTIDO NACIONAL,FS,,PBA,No aplica,,5050,21,PBA
PARTIDO NACIONAL,FS,,PBA,No aplica,,7130,1,PBA
CABILDO ABIERTO,FS,,PBA,No aplica,,211,2,PBA
CABILDO ABIERTO,FS,,PBA,No aplica,,333,2,PBA
CABILDO ABIERTO,FS,,PBA,No aplica,,577,1,PBA
FRENTE AMPLIO,FS,,PBA,No aplica,,152,1,PBA
FRENTE AMPLIO,FS,,PBA,No aplica,,177,2,PBA
FRENTE AMPLIO,FS,,PBA,No aplica,,810,6,PBA
FRENTE AMPLIO,FS,,PBA,No aplica,,971,1,PBA
FRENTE AMPLIO,FS,,PBA,No aplica,,1441,2,PBA
FRENTE AMPLIO,FS,,PBA,No aplica,,1609,22,PBA
FRENTE AMPLIO,FS,,PBA,No aplica,,1939,1,PBA
FRENTE AMPLIO,FS,,PBA,No aplica,,2001,1,PBA
FRENTE AMPLIO,FS,,PBA,No aplica,,319000,2,PBA
PARTIDO COLORADO,FS,,PBA,No aplica,,15,1,PBA
PARTIDO COLORADO,FS,,PBA,No aplica,,21,3,PBA
PARTIDO COLORADO,FS,,PBA,No aplica,,70,1,PBA
PARTIDO COLORADO,FS,,PBA,No aplica,,75,1,PBA
PARTIDO COLORADO,FS,,PBA,No aplica,,122,5,PBA
PARTIDO COLORADO,FS,,PBA,No aplica,,214,1,PBA
PARTIDO COLORADO,FS,,PBA,No aplica,,300,1,PBA
PARTIDO COLORADO,FS,,PBA,No aplica,,310,1,PBA
PARTIDO COLORADO,FS,,PBA,No aplica,,2025,3,PBA
PARTIDO COLORADO,FS,,PBA,No aplica,,7009,1,PBA
PARTIDO COLORADO,FS,,PBA,No aplica,,17600,1,PBA
PARTIDO NACIONAL,FS,,PBA,No aplica,,1,3,PBA
PARTIDO NACIONAL,FS,,PBA,No aplica,,9,1,PBA
PARTIDO NACIONAL,FS,,PBA,No aplica,,30,41,PBA
PARTIDO NACIONAL,FS,,PBA,No aplica,,50,15,PBA
PARTIDO NACIONAL,FS,,PBA,No aplica,,80,2,PBA
PARTIDO NACIONAL,FS,,PBA,No aplica,,430,1,PBA
PARTIDO NACIONAL,FS,,PBA,No aplica,,530,2,PBA
PARTIDO NACIONAL,FS,,PBA,No aplica,,714,2,PBA
PARTIDO NACIONAL,FS,,PBA,No aplica,,903,2,PBA
PARTIDO NACIONAL,FS,,PBA,No aplica,,904,1,PBA
PARTIDO NACIONAL,FS,,PBA,No aplica,,1271,3,PBA
PARTIDO NACIONAL,FS,,PBA,No aplica,,1930,7,PBA
PARTIDO NACIONAL,FS,,PBA,No aplica,,5050,14,PBA
PARTIDO NACIONAL,FS,,PBA,No aplica,,7130,6,PBA
CABILDO ABIERTO,FS,,PBA,No aplica,,333,2,PBA
FRENTE AMPLIO,FS,,PBA,No aplica,,152,2,PBA
FRENTE AMPLIO,FS,,PBA,No aplica,,177,2,PBA
FRENTE AMPLIO,FS,,PBA,No aplica,,190,2,PBA
FRENTE AMPLIO,FS,,PBA,No aplica,,810,9,PBA
FRENTE AMPLIO,FS,,PBA,No aplica,,971,2,PBA
FRENTE AMPLIO,FS,,PBA,No aplica,,1609,15,PBA
FRENTE AMPLIO,FS,,PBA,No aplica,,11968,1,PBA
PARTIDO COLORADO,FS,,PBA,No aplica,,15,1,PBA
PARTIDO COLORADO,FS,,PBA,No aplica,,21,4,PBA
PARTIDO COLORADO,FS,,PBA,No aplica,,70,2,PBA
PARTIDO COLORADO,FS,,PBA,No aplica,,75,5,PBA
PARTIDO COLORADO,FS,,PBA,No aplica,,122,1,PBA
PARTIDO COLORADO,FS,,PBA,No aplica,,310,1,PBA
PARTIDO COLORADO,FS,,PBA,No aplica,,2025,1,PBA
PARTIDO COLORADO,FS,,PBA,No aplica,,7009,2,PBA
PARTIDO COLORADO,FS,,PBA,No aplica,,17600,3,PBA
PARTIDO NACIONAL,FS,,PBA,No aplica,,1,3,PBA
PARTIDO NACIONAL,FS,,PBA,No aplica,,4,2,PBA
PARTIDO NACIONAL,FS,,PBA,No aplica,,9,2,PBA
PARTIDO NACIONAL,FS,,PBA,No aplica,,30,51,PBA
PARTIDO NACIONAL,FS,,PBA,No aplica,,50,24,PBA
PARTIDO NACIONAL,FS,,PBA,No aplica,,80,5,PBA
PARTIDO NACIONAL,FS,,PBA,No aplica,,430,1,PBA
PARTIDO NACIONAL,FS,,PBA,No aplica,,530,2,PBA
PARTIDO NACIONAL,FS,,PBA,No aplica,,714,2,PBA
PARTIDO NACIONAL,FS,,PBA,No aplica,,904,3,PBA
PARTIDO NACIONAL,FS,,PBA,No aplica,,1271,2,PBA
PARTIDO NACIONAL,FS,,PBA,No aplica,,1930,6,PBA
PARTIDO NACIONAL,FS,,PBA,No aplica,,5050,11,PBA
PARTIDO NACIONAL,FS,,PBA,No aplica,,7130,1,PBA
CABILDO ABIERTO,FS,,PBA,No aplica,,333,1,PBA
CABILDO ABIERTO,FS,,PBA,No aplica,,577,1,PBA
FRENTE AMPLIO,FS,,PBA,No aplica,,190,1,PBA
FRENTE AMPLIO,FS,,PBA,No aplica,,810,8,PBA
FRENTE AMPLIO,FS,,PBA,No aplica,,971,2,PBA
FRENTE AMPLIO,FS,,PBA,No aplica,,1609,15,PBA
FRENTE AMPLIO,FS,,PBA,No aplica,,1939,1,PBA
FRENTE AMPLIO,FS,,PBA,No aplica,,18081,1,PBA
PARTIDO COLORADO,FS,,PBA,No aplica,,15,2,PBA
PARTIDO COLORADO,FS,,PBA,No aplica,,21,2,PBA
PARTIDO COLORADO,FS,,PBA,No aplica,,70,2,PBA
PARTIDO COLORADO,FS,,PBA,No aplica,,75,1,PBA
PARTIDO COLORADO,FS,,PBA,No aplica,,122,2,PBA
PARTIDO COLORADO,FS,,PBA,No aplica,,214,1,PBA
PARTIDO COLORADO,FS,,PBA,No aplica,,310,1,PBA
PARTIDO COLORADO,FS,,PBA,No aplica,,2025,4,PBA
PARTIDO COLORADO,FS,,PBA,No aplica,,7009,6,PBA
PARTIDO COLORADO,FS,,PBA,No aplica,,17600,3,PBA
PARTIDO INDEPENDIENTE,FS,,PBA,No aplica,,999,2,PBA
PARTIDO NACIONAL,FS,,PBA,No aplica,,1,2,PBA
PARTIDO NACIONAL,FS,,PBA,No aplica,,9,2,PBA
PARTIDO NACIONAL,FS,,PBA,No aplica,,30,45,PBA
PARTIDO NACIONAL,FS,,PBA,No aplica,,50,20,PBA
PARTIDO NACIONAL,FS,,PBA,No aplica,,80,3,PBA
PARTIDO NACIONAL,FS,,PBA,No aplica,,430,2,PBA
PARTIDO NACIONAL,FS,,PBA,No aplica,,530,1,PBA
PARTIDO NACIONAL,FS,,PBA,No aplica,,714,1,PBA
PARTIDO NACIONAL,FS,,PBA,No aplica,,903,6,PBA
PARTIDO NACIONAL,FS,,PBA,No aplica,,904,2,PBA
PARTIDO NACIONAL,FS,,PBA,No aplica,,1271,4,PBA
PARTIDO NACIONAL,FS,,PBA,No aplica,,1930,3,PBA
PARTIDO NACIONAL,FS,,PBA,No aplica,,5050,12,PBA
PARTIDO NACIONAL,FS,,PBA,No aplica,,7130,1,PBA
FRENTE AMPLIO,FS,,PBA,No aplica,,152,1,PBA
FRENTE AMPLIO,FS,,PBA,No aplica,,177,2,PBA
FRENTE AMPLIO,FS,,PBA,No aplica,,810,7,PBA
FRENTE AMPLIO,FS,,PBA,No aplica,,971,1,PBA
FRENTE AMPLIO,FS,,PBA,No aplica,,1609,14,PBA
FRENTE AMPLIO,FS,,PBA,No aplica,,1939,2,PBA
FRENTE AMPLIO,FS,,PBA,No aplica,,18081,1,PBA
FRENTE AMPLIO,FS,,PBA,No aplica,,199000,1,PBA
FRENTE AMPLIO,FS,,PBA,No aplica,,319000,1,PBA
PARTIDO COLORADO,FS,,PBA,No aplica,,15,2,PBA
PARTIDO COLORADO,FS,,PBA,No aplica,,21,2,PBA
PARTIDO COLORADO,FS,,PBA,No aplica,,70,4,PBA
PARTIDO COLORADO,FS,,PBA,No aplica,,122,3,PBA
PARTIDO COLORADO,FS,,PBA,No aplica,,214,5,PBA
PARTIDO COLORADO,FS,,PBA,No aplica,,300,1,PBA
PARTIDO COLORADO,FS,,PBA,No aplica,,2025,2,PBA
PARTIDO COLORADO,FS,,PBA,No aplica,,7009,3,PBA
PARTIDO COLORADO,FS,,PBA,No aplica,,17600,3,PBA
PARTIDO NACIONAL,FS,,PBA,No aplica,,1,5,PBA
PARTIDO NACIONAL,FS,,PBA,No aplica,,4,2,PBA
PARTIDO NACIONAL,FS,,PBA,No aplica,,9,4,PBA
PARTIDO NACIONAL,FS,,PBA,No aplica,,30,33,PBA
PARTIDO NACIONAL,FS,,PBA,No aplica,,50,20,PBA
PARTIDO NACIONAL,FS,,PBA,No aplica,,80,9,PBA
PARTIDO NACIONAL,FS,,PBA,No aplica,,714,1,PBA
PARTIDO NACIONAL,FS,,PBA,No aplica,,803,1,PBA
PARTIDO NACIONAL,FS,,PBA,No aplica,,903,7,PBA
PARTIDO NACIONAL,FS,,PBA,No aplica,,904,2,PBA
PARTIDO NACIONAL,FS,,PBA,No aplica,,1930,1,PBA
PARTIDO NACIONAL,FS,,PBA,No aplica,,5050,12,PBA
PARTIDO NACIONAL,FS,,PBA,No aplica,,7130,4,PBA
CABILDO ABIERTO,FS,,PBA,No aplica,,333,2,PBA
FRENTE AMPLIO,FS,,PBA,No aplica,,152,2,PBA
FRENTE AMPLIO,FS,,PBA,No aplica,,177,1,PBA
FRENTE AMPLIO,FS,,PBA,No aplica,,810,6,PBA
FRENTE AMPLIO,FS,,PBA,No aplica,,1567,1,PBA
FRENTE AMPLIO,FS,,PBA,No aplica,,1609,9,PBA
FRENTE AMPLIO,FS,,PBA,No aplica,,1939,1,PBA
FRENTE AMPLIO,FS,,PBA,No aplica,,2001,1,PBA
FRENTE AMPLIO,FS,,PBA,No aplica,,11968,1,PBA
FRENTE AMPLIO,FS,,PBA,No aplica,,18081,1,PBA
PARTIDO COLORADO,FS,,PBA,No aplica,,10,3,PBA
PARTIDO COLORADO,FS,,PBA,No aplica,,15,1,PBA
PARTIDO COLORADO,FS,,PBA,No aplica,,21,2,PBA
PARTIDO COLORADO,FS,,PBA,No aplica,,300,1,PBA
PARTIDO COLORADO,FS,,PBA,No aplica,,2025,1,PBA
PARTIDO COLORADO,FS,,PBA,No aplica,,7009,1,PBA
PARTIDO COLORADO,FS,,PBA,No aplica,,17600,5,PBA
PARTIDO INDEPENDIENTE,FS,,PBA,No aplica,,999,1,PBA
PARTIDO NACIONAL,FS,,PBA,No aplica,,1,3,PBA
PARTIDO NACIONAL,FS,,PBA,No aplica,,4,1,PBA
PARTIDO NACIONAL,FS,,PBA,No aplica,,9,2,PBA
PARTIDO NACIONAL,FS,,PBA,No aplica,,30,36,PBA
PARTIDO NACIONAL,FS,,PBA,No aplica,,50,17,PBA
PARTIDO NACIONAL,FS,,PBA,No aplica,,80,3,PBA
PARTIDO NACIONAL,FS,,PBA,No aplica,,430,2,PBA
PARTIDO NACIONAL,FS,,PBA,No aplica,,714,1,PBA
PARTIDO NACIONAL,FS,,PBA,No aplica,,903,2,PBA
PARTIDO NACIONAL,FS,,PBA,No aplica,,1930,6,PBA
PARTIDO NACIONAL,FS,,PBA,No aplica,,5050,9,PBA
PARTIDO NACIONAL,FS,,PBA,No aplica,,7130,5,PBA
CABILDO ABIERTO,FS,,PBA,No aplica,,211,2,PBA
CABILDO ABIERTO,FS,,PBA,No aplica,,577,4,PBA
FRENTE AMPLIO,FS,,PBA,No aplica,,152,1,PBA
FRENTE AMPLIO,FS,,PBA,No aplica,,177,2,PBA
FRENTE AMPLIO,FS,,PBA,No aplica,,810,8,PBA
FRENTE AMPLIO,FS,,PBA,No aplica,,971,4,PBA
FRENTE AMPLIO,FS,,PBA,No aplica,,1609,6,PBA
FRENTE AMPLIO,FS,,PBA,No aplica,,1939,1,PBA
FRENTE AMPLIO,FS,,PBA,No aplica,,2001,1,PBA
FRENTE AMPLIO,FS,,PBA,No aplica,,199000,1,PBA
PARTIDO COLORADO,FS,,PBA,No aplica,,10,1,PBA
PARTIDO COLORADO,FS,,PBA,No aplica,,15,1,PBA
PARTIDO COLORADO,FS,,PBA,No aplica,,21,3,PBA
PARTIDO COLORADO,FS,,PBA,No aplica,,70,3,PBA
PARTIDO COLORADO,FS,,PBA,No aplica,,122,1,PBA
PARTIDO COLORADO,FS,,PBA,No aplica,,2025,2,PBA
PARTIDO COLORADO,FS,,PBA,No aplica,,7009,1,PBA
PARTIDO COLORADO,FS,,PBA,No aplica,,17600,1,PBA
PARTIDO COLORADO,FS,,PBA,No aplica,,101010,1,PBA
PARTIDO INDEPENDIENTE,FS,,PBA,No aplica,,999,1,PBA
PARTIDO NACIONAL,FS,,PBA,No aplica,,1,2,PBA
PARTIDO NACIONAL,FS,,PBA,No aplica,,4,4,PBA
PARTIDO NACIONAL,FS,,PBA,No aplica,,9,2,PBA
PARTIDO NACIONAL,FS,,PBA,No aplica,,30,30,PBA
PARTIDO NACIONAL,FS,,PBA,No aplica,,50,22,PBA
PARTIDO NACIONAL,FS,,PBA,No aplica,,80,6,PBA
PARTIDO NACIONAL,FS,,PBA,No aplica,,530,1,PBA
PARTIDO NACIONAL,FS,,PBA,No aplica,,714,1,PBA
PARTIDO NACIONAL,FS,,PBA,No aplica,,903,2,PBA
PARTIDO NACIONAL,FS,,PBA,No aplica,,904,1,PBA
PARTIDO NACIONAL,FS,,PBA,No aplica,,1271,1,PBA
PARTIDO NACIONAL,FS,,PBA,No aplica,,1930,4,PBA
PARTIDO NACIONAL,FS,,PBA,No aplica,,5050,11,PBA
PARTIDO NACIONAL,FS,,PBA,No aplica,,7130,5,PBA
FRENTE AMPLIO,FS,,PBA,No aplica,,177,2,PBA
FRENTE AMPLIO,FS,,PBA,No aplica,,810,5,PBA
FRENTE AMPLIO,FS,,PBA,No aplica,,971,5,PBA
FRENTE AMPLIO,FS,,PBA,No aplica,,1441,1,PBA
FRENTE AMPLIO,FS,,PBA,No aplica,,1567,1,PBA
FRENTE AMPLIO,FS,,PBA,No aplica,,1609,11,PBA
FRENTE AMPLIO,FS,,PBA,No aplica,,1939,3,PBA
FRENTE AMPLIO,FS,,PBA,No aplica,,2001,1,PBA
FRENTE AMPLIO,FS,,PBA,No aplica,,18081,1,PBA
PARTIDO COLORADO,FS,,PBA,No aplica,,21,3,PBA
PARTIDO COLORADO,FS,,PBA,No aplica,,75,1,PBA
PARTIDO COLORADO,FS,,PBA,No aplica,,300,1,PBA
PARTIDO COLORADO,FS,,PBA,No aplica,,2025,1,PBA
PARTIDO COLORADO,FS,,PBA,No aplica,,7009,1,PBA
PARTIDO COLORADO,FS,,PBA,No aplica,,17600,2,PBA
PARTIDO NACIONAL,FS,,PBA,No aplica,,1,2,PBA
PARTIDO NACIONAL,FS,,PBA,No aplica,,4,1,PBA
PARTIDO NACIONAL,FS,,PBA,No aplica,,30,32,PBA
PARTIDO NACIONAL,FS,,PBA,No aplica,,50,14,PBA
PARTIDO NACIONAL,FS,,PBA,No aplica,,80,3,PBA
PARTIDO NACIONAL,FS,,PBA,No aplica,,430,1,PBA
PARTIDO NACIONAL,FS,,PBA,No aplica,,530,1,PBA
PARTIDO NACIONAL,FS,,PBA,No aplica,,714,3,PBA
PARTIDO NACIONAL,FS,,PBA,No aplica,,903,3,PBA
PARTIDO NACIONAL,FS,,PBA,No aplica,,904,1,PBA
PARTIDO NACIONAL,FS,,PBA,No aplica,,1271,1,PBA
PARTIDO NACIONAL,FS,,PBA,No aplica,,1930,7,PBA
PARTIDO NACIONAL,FS,,PBA,No aplica,,5050,9,PBA
PARTIDO NACIONAL,FS,,PBA,No aplica,,7130,2,PBA
CABILDO ABIERTO,FS,,PBA,No aplica,,333,1,PBA
FRENTE AMPLIO,FS,,PBA,No aplica,,190,2,PBA
FRENTE AMPLIO,FS,,PBA,No aplica,,810,6,PBA
FRENTE AMPLIO,FS,,PBA,No aplica,,1609,14,PBA
FRENTE AMPLIO,FS,,PBA,No aplica,,1939,1,PBA
PARTIDO COLORADO,FS,,PBA,No aplica,,15,1,PBA
PARTIDO COLORADO,FS,,PBA,No aplica,,21,4,PBA
PARTIDO COLORADO,FS,,PBA,No aplica,,70,1,PBA
PARTIDO COLORADO,FS,,PBA,No aplica,,75,1,PBA
PARTIDO COLORADO,FS,,PBA,No aplica,,17600,5,PBA
PARTIDO COLORADO,FS,,PBA,No aplica,,101010,1,PBA
PARTIDO NACIONAL,FS,,PBA,No aplica,,1,3,PBA
PARTIDO NACIONAL,FS,,PBA,No aplica,,9,4,PBA
PARTIDO NACIONAL,FS,,PBA,No aplica,,30,34,PBA
PARTIDO NACIONAL,FS,,PBA,No aplica,,50,17,PBA
PARTIDO NACIONAL,FS,,PBA,No aplica,,80,5,PBA
PARTIDO NACIONAL,FS,,PBA,No aplica,,430,4,PBA
PARTIDO NACIONAL,FS,,PBA,No aplica,,530,3,PBA
PARTIDO NACIONAL,FS,,PBA,No aplica,,714,3,PBA
PARTIDO NACIONAL,FS,,PBA,No aplica,,903,2,PBA
PARTIDO NACIONAL,FS,,PBA,No aplica,,904,1,PBA
PARTIDO NACIONAL,FS,,PBA,No aplica,,1930,2,PBA
PARTIDO NACIONAL,FS,,PBA,No aplica,,5050,7,PBA
CABILDO ABIERTO,FS,,PBA,No aplica,,211,1,PBA
CABILDO ABIERTO,FS,,PBA,No aplica,,577,1,PBA
FRENTE AMPLIO,FS,,PBA,No aplica,,152,4,PBA
FRENTE AMPLIO,FS,,PBA,No aplica,,177,3,PBA
FRENTE AMPLIO,FS,,PBA,No aplica,,810,9,PBA
FRENTE AMPLIO,FS,,PBA,No aplica,,1441,1,PBA
FRENTE AMPLIO,FS,,PBA,No aplica,,1567,1,PBA
FRENTE AMPLIO,FS,,PBA,No aplica,,1609,6,PBA
FRENTE AMPLIO,FS,,PBA,No aplica,,1939,2,PBA
FRENTE AMPLIO,FS,,PBA,No aplica,,2001,1,PBA
FRENTE AMPLIO,FS,,PBA,No aplica,,11968,1,PBA
PARTIDO COLORADO,FS,,PBA,No aplica,,10,1,PBA
PARTIDO COLORADO,FS,,PBA,No aplica,,15,2,PBA
PARTIDO COLORADO,FS,,PBA,No aplica,,21,1,PBA
PARTIDO COLORADO,FS,,PBA,No aplica,,75,1,PBA
PARTIDO COLORADO,FS,,PBA,No aplica,,300,1,PBA
PARTIDO COLORADO,FS,,PBA,No aplica,,7009,1,PBA
PARTIDO COLORADO,FS,,PBA,No aplica,,17600,2,PBA
PARTIDO COLORADO,FS,,PBA,No aplica,,101010,2,PBA
PARTIDO NACIONAL,FS,,PBA,No aplica,,30,43,PBA
PARTIDO NACIONAL,FS,,PBA,No aplica,,50,23,PBA
PARTIDO NACIONAL,FS,,PBA,No aplica,,80,3,PBA
PARTIDO NACIONAL,FS,,PBA,No aplica,,430,1,PBA
PARTIDO NACIONAL,FS,,PBA,No aplica,,530,2,PBA
PARTIDO NACIONAL,FS,,PBA,No aplica,,714,2,PBA
PARTIDO NACIONAL,FS,,PBA,No aplica,,903,2,PBA
PARTIDO NACIONAL,FS,,PBA,No aplica,,1930,5,PBA
PARTIDO NACIONAL,FS,,PBA,No aplica,,5050,11,PBA
PARTIDO NACIONAL,FS,,PBA,No aplica,,7130,2,PBA
CABILDO ABIERTO,FS,,PBA,No aplica,,333,1,PBA
FRENTE AMPLIO,FS,,PBA,No aplica,,152,1,PBA
FRENTE AMPLIO,FS,,PBA,No aplica,,810,7,PBA
FRENTE AMPLIO,FS,,PBA,No aplica,,971,3,PBA
FRENTE AMPLIO,FS,,PBA,No aplica,,1441,2,PBA
FRENTE AMPLIO,FS,,PBA,No aplica,,1609,3,PBA
FRENTE AMPLIO,FS,,PBA,No aplica,,1939,1,PBA
FRENTE AMPLIO,FS,,PBA,No aplica,,319000,1,PBA
PARTIDO COLORADO,FS,,PBA,No aplica,,15,1,PBA
PARTIDO COLORADO,FS,,PBA,No aplica,,21,1,PBA
PARTIDO COLORADO,FS,,PBA,No aplica,,70,1,PBA
PARTIDO COLORADO,FS,,PBA,No aplica,,75,2,PBA
PARTIDO COLORADO,FS,,PBA,No aplica,,122,2,PBA
PARTIDO COLORADO,FS,,PBA,No aplica,,300,2,PBA
PARTIDO COLORADO,FS,,PBA,No aplica,,7009,2,PBA
PARTIDO COLORADO,FS,,PBA,No aplica,,17600,1,PBA
PARTIDO COLORADO,FS,,PBA,No aplica,,101010,1,PBA
PARTIDO NACIONAL,FS,,PBA,No aplica,,4,1,PBA
PARTIDO NACIONAL,FS,,PBA,No aplica,,9,1,PBA
PARTIDO NACIONAL,FS,,PBA,No aplica,,30,28,PBA
PARTIDO NACIONAL,FS,,PBA,No aplica,,50,14,PBA
PARTIDO NACIONAL,FS,,PBA,No aplica,,80,2,PBA
PARTIDO NACIONAL,FS,,PBA,No aplica,,430,1,PBA
PARTIDO NACIONAL,FS,,PBA,No aplica,,530,3,PBA
PARTIDO NACIONAL,FS,,PBA,No aplica,,903,3,PBA
PARTIDO NACIONAL,FS,,PBA,No aplica,,1271,2,PBA
PARTIDO NACIONAL,FS,,PBA,No aplica,,1930,3,PBA
PARTIDO NACIONAL,FS,,PBA,No aplica,,5050,10,PBA
PARTIDO NACIONAL,FS,,PBA,No aplica,,7130,3,PBA
CABILDO ABIERTO,FS,,PBA,No aplica,,577,1,PBA
FRENTE AMPLIO,FS,,PBA,No aplica,,152,1,PBA
FRENTE AMPLIO,FS,,PBA,No aplica,,177,1,PBA
FRENTE AMPLIO,FS,,PBA,No aplica,,810,7,PBA
FRENTE AMPLIO,FS,,PBA,No aplica,,1609,8,PBA
FRENTE AMPLIO,FS,,PBA,No aplica,,2001,2,PBA
FRENTE AMPLIO,FS,,PBA,No aplica,,18081,1,PBA
PARTIDO COLORADO,FS,,PBA,No aplica,,15,3,PBA
PARTIDO COLORADO,FS,,PBA,No aplica,,21,4,PBA
PARTIDO COLORADO,FS,,PBA,No aplica,,70,1,PBA
PARTIDO COLORADO,FS,,PBA,No aplica,,75,2,PBA
PARTIDO COLORADO,FS,,PBA,No aplica,,122,1,PBA
PARTIDO COLORADO,FS,,PBA,No aplica,,300,1,PBA
PARTIDO COLORADO,FS,,PBA,No aplica,,310,1,PBA
PARTIDO COLORADO,FS,,PBA,No aplica,,2025,1,PBA
PARTIDO COLORADO,FS,,PBA,No aplica,,17600,4,PBA
PARTIDO INDEPENDIENTE,FS,,PBA,No aplica,,999,1,PBA
PARTIDO NACIONAL,FS,,PBA,No aplica,,1,1,PBA
PARTIDO NACIONAL,FS,,PBA,No aplica,,4,1,PBA
PARTIDO NACIONAL,FS,,PBA,No aplica,,9,3,PBA
PARTIDO NACIONAL,FS,,PBA,No aplica,,30,20,PBA
PARTIDO NACIONAL,FS,,PBA,No aplica,,50,19,PBA
PARTIDO NACIONAL,FS,,PBA,No aplica,,80,1,PBA
PARTIDO NACIONAL,FS,,PBA,No aplica,,430,1,PBA
PARTIDO NACIONAL,FS,,PBA,No aplica,,714,2,PBA
PARTIDO NACIONAL,FS,,PBA,No aplica,,903,4,PBA
PARTIDO NACIONAL,FS,,PBA,No aplica,,904,1,PBA
PARTIDO NACIONAL,FS,,PBA,No aplica,,1271,3,PBA
PARTIDO NACIONAL,FS,,PBA,No aplica,,1930,6,PBA
PARTIDO NACIONAL,FS,,PBA,No aplica,,5050,9,PBA
PARTIDO NACIONAL,FS,,PBA,No aplica,,7130,1,PBA
CABILDO ABIERTO,FS,,PBA,No aplica,,577,1,PBA
FRENTE AMPLIO,FS,,PBA,No aplica,,177,2,PBA
FRENTE AMPLIO,FS,,PBA,No aplica,,190,2,PBA
FRENTE AMPLIO,FS,,PBA,No aplica,,810,6,PBA
FRENTE AMPLIO,FS,,PBA,No aplica,,971,2,PBA
FRENTE AMPLIO,FS,,PBA,No aplica,,1441,1,PBA
FRENTE AMPLIO,FS,,PBA,No aplica,,1609,14,PBA
FRENTE AMPLIO,FS,,PBA,No aplica,,18081,1,PBA
PARTIDO COLORADO,FS,,PBA,No aplica,,15,7,PBA
PARTIDO COLORADO,FS,,PBA,No aplica,,21,3,PBA
PARTIDO COLORADO,FS,,PBA,No aplica,,70,1,PBA
PARTIDO COLORADO,FS,,PBA,No aplica,,75,4,PBA
PARTIDO COLORADO,FS,,PBA,No aplica,,122,2,PBA
PARTIDO COLORADO,FS,,PBA,No aplica,,300,2,PBA
PARTIDO COLORADO,FS,,PBA,No aplica,,2025,3,PBA
PARTIDO COLORADO,FS,,PBA,No aplica,,7009,1,PBA
PARTIDO COLORADO,FS,,PBA,No aplica,,17600,4,PBA
PARTIDO COLORADO,FS,,PBA,No aplica,,101010,1,PBA
PARTIDO INDEPENDIENTE,FS,,PBA,No aplica,,999,4,PBA
PARTIDO NACIONAL,FS,,PBA,No aplica,,1,1,PBA
PARTIDO NACIONAL,FS,,PBA,No aplica,,30,27,PBA
PARTIDO NACIONAL,FS,,PBA,No aplica,,50,18,PBA
PARTIDO NACIONAL,FS,,PBA,No aplica,,80,2,PBA
PARTIDO NACIONAL,FS,,PBA,No aplica,,430,1,PBA
PARTIDO NACIONAL,FS,,PBA,No aplica,,714,1,PBA
PARTIDO NACIONAL,FS,,PBA,No aplica,,903,1,PBA
PARTIDO NACIONAL,FS,,PBA,No aplica,,1271,1,PBA
PARTIDO NACIONAL,FS,,PBA,No aplica,,5050,6,PBA
CABILDO ABIERTO,FS,,PBA,No aplica,,211,2,PBA
FRENTE AMPLIO,FS,,PBA,No aplica,,177,5,PBA
FRENTE AMPLIO,FS,,PBA,No aplica,,810,11,PBA
FRENTE AMPLIO,FS,,PBA,No aplica,,971,1,PBA
FRENTE AMPLIO,FS,,PBA,No aplica,,1567,1,PBA
FRENTE AMPLIO,FS,,PBA,No aplica,,1609,7,PBA
PARTIDO COLORADO,FS,,PBA,No aplica,,15,4,PBA
PARTIDO COLORADO,FS,,PBA,No aplica,,21,4,PBA
PARTIDO COLORADO,FS,,PBA,No aplica,,75,2,PBA
PARTIDO COLORADO,FS,,PBA,No aplica,,122,3,PBA
PARTIDO COLORADO,FS,,PBA,No aplica,,300,2,PBA
PARTIDO COLORADO,FS,,PBA,No aplica,,310,1,PBA
PARTIDO COLORADO,FS,,PBA,No aplica,,7009,1,PBA
PARTIDO COLORADO,FS,,PBA,No aplica,,101010,2,PBA
PARTIDO INDEPENDIENTE,FS,,PBA,No aplica,,999,1,PBA
PARTIDO NACIONAL,FS,,PBA,No aplica,,1,2,PBA
PARTIDO NACIONAL,FS,,PBA,No aplica,,4,1,PBA
PARTIDO NACIONAL,FS,,PBA,No aplica,,9,1,PBA
PARTIDO NACIONAL,FS,,PBA,No aplica,,30,26,PBA
PARTIDO NACIONAL,FS,,PBA,No aplica,,50,10,PBA
PARTIDO NACIONAL,FS,,PBA,No aplica,,80,3,PBA
PARTIDO NACIONAL,FS,,PBA,No aplica,,530,1,PBA
PARTIDO NACIONAL,FS,,PBA,No aplica,,904,1,PBA
PARTIDO NACIONAL,FS,,PBA,No aplica,,1271,1,PBA
PARTIDO NACIONAL,FS,,PBA,No aplica,,1930,5,PBA
PARTIDO NACIONAL,FS,,PBA,No aplica,,5050,12,PBA
PARTIDO NACIONAL,FS,,PBA,No aplica,,7130,1,PBA
CABILDO ABIERTO,FS,,PBA,No aplica,,211,1,PBA
CABILDO ABIERTO,FS,,PBA,No aplica,,577,1,PBA
FRENTE AMPLIO,FS,,PBA,No aplica,,810,13,PBA
FRENTE AMPLIO,FS,,PBA,No aplica,,1441,1,PBA
FRENTE AMPLIO,FS,,PBA,No aplica,,1609,12,PBA
FRENTE AMPLIO,FS,,PBA,No aplica,,2001,1,PBA
FRENTE AMPLIO,FS,,PBA,No aplica,,18081,1,PBA
PARTIDO COLORADO,FS,,PBA,No aplica,,10,1,PBA
PARTIDO COLORADO,FS,,PBA,No aplica,,15,2,PBA
PARTIDO COLORADO,FS,,PBA,No aplica,,21,5,PBA
PARTIDO COLORADO,FS,,PBA,No aplica,,75,4,PBA
PARTIDO COLORADO,FS,,PBA,No aplica,,122,2,PBA
PARTIDO COLORADO,FS,,PBA,No aplica,,214,1,PBA
PARTIDO COLORADO,FS,,PBA,No aplica,,300,2,PBA
PARTIDO COLORADO,FS,,PBA,No aplica,,2025,1,PBA
PARTIDO COLORADO,FS,,PBA,No aplica,,17600,3,PBA
PARTIDO COLORADO,FS,,PBA,No aplica,,101010,1,PBA
PARTIDO INDEPENDIENTE,FS,,PBA,No aplica,,999,1,PBA
PARTIDO NACIONAL,FS,,PBA,No aplica,,1,2,PBA
PARTIDO NACIONAL,FS,,PBA,No aplica,,30,34,PBA
PARTIDO NACIONAL,FS,,PBA,No aplica,,50,16,PBA
PARTIDO NACIONAL,FS,,PBA,No aplica,,80,5,PBA
PARTIDO NACIONAL,FS,,PBA,No aplica,,430,1,PBA
PARTIDO NACIONAL,FS,,PBA,No aplica,,530,2,PBA
PARTIDO NACIONAL,FS,,PBA,No aplica,,903,4,PBA
PARTIDO NACIONAL,FS,,PBA,No aplica,,904,2,PBA
PARTIDO NACIONAL,FS,,PBA,No aplica,,1271,2,PBA
PARTIDO NACIONAL,FS,,PBA,No aplica,,1930,6,PBA
PARTIDO NACIONAL,FS,,PBA,No aplica,,5050,17,PBA
PARTIDO NACIONAL,FS,,PBA,No aplica,,7130,1,PBA
CABILDO ABIERTO,FS,,PBA,No aplica,,333,1,PBA
FRENTE AMPLIO,FS,,PBA,No aplica,,177,2,PBA
FRENTE AMPLIO,FS,,PBA,No aplica,,810,10,PBA
FRENTE AMPLIO,FS,,PBA,No aplica,,971,1,PBA
FRENTE AMPLIO,FS,,PBA,No aplica,,1441,1,PBA
FRENTE AMPLIO,FS,,PBA,No aplica,,1609,2,PBA
FRENTE AMPLIO,FS,,PBA,No aplica,,1939,2,PBA
PARTIDO COLORADO,FS,,PBA,No aplica,,15,2,PBA
PARTIDO COLORADO,FS,,PBA,No aplica,,21,2,PBA
PARTIDO COLORADO,FS,,PBA,No aplica,,70,1,PBA
PARTIDO COLORADO,FS,,PBA,No aplica,,75,4,PBA
PARTIDO COLORADO,FS,,PBA,No aplica,,122,4,PBA
PARTIDO COLORADO,FS,,PBA,No aplica,,300,2,PBA
PARTIDO COLORADO,FS,,PBA,No aplica,,7009,2,PBA
PARTIDO COLORADO,FS,,PBA,No aplica,,17600,3,PBA
PARTIDO INDEPENDIENTE,FS,,PBA,No aplica,,999,1,PBA
PARTIDO NACIONAL,FS,,PBA,No aplica,,4,3,PBA
PARTIDO NACIONAL,FS,,PBA,No aplica,,9,1,PBA
PARTIDO NACIONAL,FS,,PBA,No aplica,,30,34,PBA
PARTIDO NACIONAL,FS,,PBA,No aplica,,50,16,PBA
PARTIDO NACIONAL,FS,,PBA,No aplica,,80,1,PBA
PARTIDO NACIONAL,FS,,PBA,No aplica,,530,4,PBA
PARTIDO NACIONAL,FS,,PBA,No aplica,,903,3,PBA
PARTIDO NACIONAL,FS,,PBA,No aplica,,1271,6,PBA
PARTIDO NACIONAL,FS,,PBA,No aplica,,1930,3,PBA
PARTIDO NACIONAL,FS,,PBA,No aplica,,5050,18,PBA
PARTIDO NACIONAL,FS,,PBA,No aplica,,7130,1,PBA
CABILDO ABIERTO,FS,,PBB PBC,No aplica,,577,3,PBB PBC
FRENTE AMPLIO,FS,,PBB PBC,No aplica,,810,1,PBB PBC
FRENTE AMPLIO,FS,,PBB PBC,No aplica,,1609,8,PBB PBC
FRENTE AMPLIO,FS,,PBB PBC,No aplica,,2001,1,PBB PBC
FRENTE AMPLIO,FS,,PBB PBC,No aplica,,18081,1,PBB PBC
PARTIDO COLORADO,FS,,PBB PBC,No aplica,,10,1,PBB PBC
PARTIDO COLORADO,FS,,PBB PBC,No aplica,,75,1,PBB PBC
PARTIDO COLORADO,FS,,PBB PBC,No aplica,,122,3,PBB PBC
PARTIDO COLORADO,FS,,PBB PBC,No aplica,,2025,2,PBB PBC
PARTIDO COLORADO,FS,,PBB PBC,No aplica,,17600,2,PBB PBC
PARTIDO NACIONAL,FS,,PBB PBC,No aplica,,30,38,PBB PBC
PARTIDO NACIONAL,FS,,PBB PBC,No aplica,,50,25,PBB PBC
PARTIDO NACIONAL,FS,,PBB PBC,No aplica,,80,2,PBB PBC
PARTIDO NACIONAL,FS,,PBB PBC,No aplica,,430,11,PBB PBC
PARTIDO NACIONAL,FS,,PBB PBC,No aplica,,530,2,PBB PBC
PARTIDO NACIONAL,FS,,PBB PBC,No aplica,,714,7,PBB PBC
PARTIDO NACIONAL,FS,,PBB PBC,No aplica,,903,6,PBB PBC
PARTIDO NACIONAL,FS,,PBB PBC,No aplica,,1271,1,PBB PBC
PARTIDO NACIONAL,FS,,PBB PBC,No aplica,,5050,5,PBB PBC
FRENTE AMPLIO,FS,,PBD,No aplica,,190,1,PBD
FRENTE AMPLIO,FS,,PBD,No aplica,,810,1,PBD
FRENTE AMPLIO,FS,,PBD,No aplica,,1609,11,PBD
PARTIDO COLORADO,FS,,PBD,No aplica,,10,2,PBD
PARTIDO COLORADO,FS,,PBD,No aplica,,15,1,PBD
PARTIDO COLORADO,FS,,PBD,No aplica,,21,2,PBD
PARTIDO COLORADO,FS,,PBD,No aplica,,122,1,PBD
PARTIDO COLORADO,FS,,PBD,No aplica,,2025,2,PBD
PARTIDO COLORADO,FS,,PBD,No aplica,,17600,1,PBD
PARTIDO NACIONAL,FS,,PBD,No aplica,,4,5,PBD
PARTIDO NACIONAL,FS,,PBD,No aplica,,9,2,PBD
PARTIDO NACIONAL,FS,,PBD,No aplica,,30,3,PBD
PARTIDO NACIONAL,FS,,PBD,No aplica,,50,1,PBD
PARTIDO NACIONAL,FS,,PBD,No aplica,,80,3,PBD
PARTIDO NACIONAL,FS,,PBD,No aplica,,430,13,PBD
PARTIDO NACIONAL,FS,,PBD,No aplica,,714,90,PBD
PARTIDO NACIONAL,FS,,PBD,No aplica,,904,1,PBD
PARTIDO NACIONAL,FS,,PBD,No aplica,,5050,1,PBD
FRENTE AMPLIO,FS,,PBD,No aplica,,971,1,PBD
FRENTE AMPLIO,FS,,PBD,No aplica,,1567,1,PBD
FRENTE AMPLIO,FS,,PBD,No aplica,,1609,16,PBD
PARTIDO COLORADO,FS,,PBD,No aplica,,15,2,PBD
PARTIDO COLORADO,FS,,PBD,No aplica,,70,1,PBD
PARTIDO COLORADO,FS,,PBD,No aplica,,122,1,PBD
PARTIDO COLORADO,FS,,PBD,No aplica,,214,1,PBD
PARTIDO COLORADO,FS,,PBD,No aplica,,2025,1,PBD
PARTIDO COLORADO,FS,,PBD,No aplica,,17600,1,PBD
PARTIDO NACIONAL,FS,,PBD,No aplica,,1,1,PBD
PARTIDO NACIONAL,FS,,PBD,No aplica,,4,3,PBD
PARTIDO NACIONAL,FS,,PBD,No aplica,,30,6,PBD
PARTIDO NACIONAL,FS,,PBD,No aplica,,430,3,PBD
PARTIDO NACIONAL,FS,,PBD,No aplica,,714,91,PBD
PARTIDO NACIONAL,FS,,PBD,No aplica,,903,2,PBD
PARTIDO NACIONAL,FS,,PBD,No aplica,,904,1,PBD
FRENTE AMPLIO,FS,,PBD,No aplica,,190,1,PBD
FRENTE AMPLIO,FS,,PBD,No aplica,,810,1,PBD
FRENTE AMPLIO,FS,,PBD,No aplica,,971,3,PBD
FRENTE AMPLIO,FS,,PBD,No aplica,,1609,5,PBD
PARTIDO COLORADO,FS,,PBD,No aplica,,10,3,PBD
PARTIDO COLORADO,FS,,PBD,No aplica,,15,3,PBD
PARTIDO COLORADO,FS,,PBD,No aplica,,122,1,PBD
PARTIDO COLORADO,FS,,PBD,No aplica,,2025,1,PBD
PARTIDO COLORADO,FS,,PBD,No aplica,,17600,1,PBD
PARTIDO NACIONAL,FS,,PBD,No aplica,,4,7,PBD
PARTIDO NACIONAL,FS,,PBD,No aplica,,9,1,PBD
PARTIDO NACIONAL,FS,,PBD,No aplica,,30,4,PBD
PARTIDO NACIONAL,FS,,PBD,No aplica,,430,10,PBD
PARTIDO NACIONAL,FS,,PBD,No aplica,,714,59,PBD
PARTIDO NACIONAL,FS,,PBD,No aplica,,903,1,PBD
PARTIDO NACIONAL,FS,,PBD,No aplica,,5050,1,PBD
CABILDO ABIERTO,FS,,PBD,No aplica,,577,1,PBD
FRENTE AMPLIO,FS,,PBD,No aplica,,190,3,PBD
FRENTE AMPLIO,FS,,PBD,No aplica,,810,1,PBD
FRENTE AMPLIO,FS,,PBD,No aplica,,971,3,PBD
FRENTE AMPLIO,FS,,PBD,No aplica,,1609,4,PBD
PARTIDO COLORADO,FS,,PBD,No aplica,,10,1,PBD
PARTIDO COLORADO,FS,,PBD,No aplica,,15,1,PBD
PARTIDO COLORADO,FS,,PBD,No aplica,,75,2,PBD
PARTIDO COLORADO,FS,,PBD,No aplica,,122,2,PBD
PARTIDO COLORADO,FS,,PBD,No aplica,,2025,1,PBD
PARTIDO COLORADO,FS,,PBD,No aplica,,17600,2,PBD
PARTIDO NACIONAL,FS,,PBD,No aplica,,1,1,PBD
PARTIDO NACIONAL,FS,,PBD,No aplica,,30,1,PBD
PARTIDO NACIONAL,FS,,PBD,No aplica,,80,2,PBD
PARTIDO NACIONAL,FS,,PBD,No aplica,,430,4,PBD
PARTIDO NACIONAL,FS,,PBD,No aplica,,714,98,PBD
FRENTE AMPLIO,FS,,PCA PCB,No aplica,,1609,4,PCA PCB
PARTIDO COLORADO,FS,,PCA PCB,No aplica,,15,1,PCA PCB
PARTIDO COLORADO,FS,,PCA PCB,No aplica,,21,1,PCA PCB
PARTIDO COLORADO,FS,,PCA PCB,No aplica,,122,1,PCA PCB
PARTIDO COLORADO,FS,,PCA PCB,No aplica,,2025,1,PCA PCB
PARTIDO COLORADO,FS,,PCA PCB,No aplica,,17600,1,PCA PCB
PARTIDO NACIONAL,FS,,PCA PCB,No aplica,,30,20,PCA PCB
PARTIDO NACIONAL,FS,,PCA PCB,No aplica,,50,11,PCA PCB
PARTIDO NACIONAL,FS,,PCA PCB,No aplica,,80,1,PCA PCB
PARTIDO NACIONAL,FS,,PCA PCB,No aplica,,530,3,PCA PCB
PARTIDO NACIONAL,FS,,PCA PCB,No aplica,,903,5,PCA PCB
PARTIDO NACIONAL,FS,,PCA PCB,No aplica,,1271,1,PCA PCB
PARTIDO NACIONAL,FS,,PCA PCB,No aplica,,5050,13,PCA PCB
CABILDO ABIERTO,FS,,PCC PCD,No aplica,,211,1,PCC PCD
CABILDO ABIERTO,FS,,PCC PCD,No aplica,,577,1,PCC PCD
PARTIDO NACIONAL,FS,,PCC PCD,No aplica,,30,2,PCC PCD
PARTIDO NACIONAL,FS,,PCC PCD,No aplica,,50,3,PCC PCD
PARTIDO NACIONAL,FS,,PCC PCD,No aplica,,903,3,PCC PCD
PARTIDO NACIONAL,FS,,PCC PCD,No aplica,,904,1,PCC PCD
PARTIDO NACIONAL,FS,,PCC PCD,No aplica,,5050,1,PCC PCD
PARTIDO NACIONAL,FS,,PCC PCD,No aplica,,7130,2,PCC PCD
FRENTE AMPLIO,FS,,PCE PCF,No aplica,,1609,1,PCE PCF
PARTIDO COLORADO,FS,,PCE PCF,No aplica,,15,9,PCE PCF
PARTIDO COLORADO,FS,,PCE PCF,No aplica,,21,1,PCE PCF
PARTIDO COLORADO,FS,,PCE PCF,No aplica,,7009,1,PCE PCF
PARTIDO NACIONAL,FS,,PCE PCF,No aplica,,30,10,PCE PCF
PARTIDO NACIONAL,FS,,PCE PCF,No aplica,,50,15,PCE PCF
PARTIDO NACIONAL,FS,,PCE PCF,No aplica,,903,1,PCE PCF
PARTIDO NACIONAL,FS,,PCE PCF,No aplica,,1271,3,PCE PCF
PARTIDO NACIONAL,FS,,PCE PCF,No aplica,,5050,13,PCE PCF
CABILDO ABIERTO,FS,01,PZZ,No aplica,,211,1,PZZ
CABILDO ABIERTO,FS,01,PZZ,No aplica,,333,1,PZZ
FRENTE AMPLIO,FS,01,PZZ,No aplica,,177,3,PZZ
FRENTE AMPLIO,FS,01,PZZ,No aplica,,190,1,PZZ
FRENTE AMPLIO,FS,01,PZZ,No aplica,,810,1,PZZ
FRENTE AMPLIO,FS,01,PZZ,No aplica,,971,1,PZZ
FRENTE AMPLIO,FS,01,PZZ,No aplica,,1567,1,PZZ
FRENTE AMPLIO,FS,01,PZZ,No aplica,,1609,11,PZZ
FRENTE AMPLIO,FS,01,PZZ,No aplica,,1939,1,PZZ
FRENTE AMPLIO,FS,01,PZZ,No aplica,,2001,1,PZZ
FRENTE AMPLIO,FS,01,PZZ,No aplica,,11968,1,PZZ
FRENTE AMPLIO,FS,01,PZZ,No aplica,,18081,1,PZZ
FRENTE AMPLIO,FS,01,PZZ,No aplica,,199000,1,PZZ
FRENTE AMPLIO,FS,01,PZZ,No aplica,,319000,1,PZZ
PARTIDO COLORADO,FS,01,PZZ,No aplica,,10,1,PZZ
PARTIDO COLORADO,FS,01,PZZ,No aplica,,15,1,PZZ
PARTIDO COLORADO,FS,01,PZZ,No aplica,,21,1,PZZ
PARTIDO COLORADO,FS,01,PZZ,No aplica,,70,3,PZZ
PARTIDO COLORADO,FS,01,PZZ,No aplica,,75,3,PZZ
PARTIDO COLORADO,FS,01,PZZ,No aplica,,122,2,PZZ
PARTIDO COLORADO,FS,01,PZZ,No aplica,,300,4,PZZ
PARTIDO COLORADO,FS,01,PZZ,No aplica,,2025,3,PZZ
PARTIDO COLORADO,FS,01,PZZ,No aplica,,7009,2,PZZ
PARTIDO COLORADO,FS,01,PZZ,No aplica,,17600,4,PZZ
PARTIDO NACIONAL,FS,01,PZZ,No aplica,,1,2,PZZ
PARTIDO NACIONAL,FS,01,PZZ,No aplica,,4,3,PZZ
PARTIDO NACIONAL,FS,01,PZZ,No aplica,,9,3,PZZ
PARTIDO NACIONAL,FS,01,PZZ,No aplica,,30,30,PZZ
PARTIDO NACIONAL,FS,01,PZZ,No aplica,,50,24,PZZ
PARTIDO NACIONAL,FS,01,PZZ,No aplica,,80,1,PZZ
PARTIDO NACIONAL,FS,01,PZZ,No aplica,,530,4,PZZ
PARTIDO NACIONAL,FS,01,PZZ,No aplica,,714,6,PZZ
PARTIDO NACIONAL,FS,01,PZZ,No aplica,,903,4,PZZ
PARTIDO NACIONAL,FS,01,PZZ,No aplica,,1271,2,PZZ
PARTIDO NACIONAL,FS,01,PZZ,No aplica,,1930,3,PZZ
PARTIDO NACIONAL,FS,01,PZZ,No aplica,,5050,10,PZZ
PARTIDO NACIONAL,FS,01,PZZ,No aplica,,7130,5,PZZ